-- --------------------------------------------------------
-- Host:                         127.0.0.1
-- Server version:               8.4.3 - MySQL Community Server - GPL
-- Server OS:                    Win64
-- HeidiSQL Version:             12.8.0.6908
-- --------------------------------------------------------

/*!40101 SET @OLD_CHARACTER_SET_CLIENT=@@CHARACTER_SET_CLIENT */;
/*!40101 SET NAMES utf8 */;
/*!50503 SET NAMES utf8mb4 */;
/*!40103 SET @OLD_TIME_ZONE=@@TIME_ZONE */;
/*!40103 SET TIME_ZONE='+00:00' */;
/*!40014 SET @OLD_FOREIGN_KEY_CHECKS=@@FOREIGN_KEY_CHECKS, FOREIGN_KEY_CHECKS=0 */;
/*!40101 SET @OLD_SQL_MODE=@@SQL_MODE, SQL_MODE='NO_AUTO_VALUE_ON_ZERO' */;
/*!40111 SET @OLD_SQL_NOTES=@@SQL_NOTES, SQL_NOTES=0 */;


-- Dumping database structure for vps_livestream_control
DROP DATABASE IF EXISTS `vps_livestream_control`;
CREATE DATABASE IF NOT EXISTS `vps_livestream_control` /*!40100 DEFAULT CHARACTER SET utf8mb4 COLLATE utf8mb4_unicode_ci */ /*!80016 DEFAULT ENCRYPTION='N' */;
USE `vps_livestream_control`;

-- Dumping structure for table vps_livestream_control.cache
DROP TABLE IF EXISTS `cache`;
CREATE TABLE IF NOT EXISTS `cache` (
  `key` varchar(255) COLLATE utf8mb4_unicode_ci NOT NULL,
  `value` mediumtext COLLATE utf8mb4_unicode_ci NOT NULL,
  `expiration` int NOT NULL,
  PRIMARY KEY (`key`)
) ENGINE=InnoDB DEFAULT CHARSET=utf8mb4 COLLATE=utf8mb4_unicode_ci;

-- Dumping data for table vps_livestream_control.cache: ~1 rows (approximately)
INSERT INTO `cache` (`key`, `value`, `expiration`) VALUES
	('vps_livestream_control_cache_gdrive_downloads_1', 'i:1;', 1751260605),
	('vps_livestream_control_cache_gdrive_downloads_9', 'i:1;', 1751261273);

-- Dumping structure for table vps_livestream_control.cache_locks
DROP TABLE IF EXISTS `cache_locks`;
CREATE TABLE IF NOT EXISTS `cache_locks` (
  `key` varchar(255) COLLATE utf8mb4_unicode_ci NOT NULL,
  `owner` varchar(255) COLLATE utf8mb4_unicode_ci NOT NULL,
  `expiration` int NOT NULL,
  PRIMARY KEY (`key`)
) ENGINE=InnoDB DEFAULT CHARSET=utf8mb4 COLLATE=utf8mb4_unicode_ci;

-- Dumping data for table vps_livestream_control.cache_locks: ~0 rows (approximately)

-- Dumping structure for table vps_livestream_control.failed_jobs
DROP TABLE IF EXISTS `failed_jobs`;
CREATE TABLE IF NOT EXISTS `failed_jobs` (
  `id` bigint unsigned NOT NULL AUTO_INCREMENT,
  `uuid` varchar(255) COLLATE utf8mb4_unicode_ci NOT NULL,
  `connection` text COLLATE utf8mb4_unicode_ci NOT NULL,
  `queue` text COLLATE utf8mb4_unicode_ci NOT NULL,
  `payload` longtext COLLATE utf8mb4_unicode_ci NOT NULL,
  `exception` longtext COLLATE utf8mb4_unicode_ci NOT NULL,
  `failed_at` timestamp NOT NULL DEFAULT CURRENT_TIMESTAMP,
  PRIMARY KEY (`id`),
  UNIQUE KEY `failed_jobs_uuid_unique` (`uuid`)
) ENGINE=InnoDB AUTO_INCREMENT=29 DEFAULT CHARSET=utf8mb4 COLLATE=utf8mb4_unicode_ci;

-- Dumping data for table vps_livestream_control.failed_jobs: ~0 rows (approximately)

-- Dumping structure for table vps_livestream_control.jobs
DROP TABLE IF EXISTS `jobs`;
CREATE TABLE IF NOT EXISTS `jobs` (
  `id` bigint unsigned NOT NULL AUTO_INCREMENT,
  `queue` varchar(255) COLLATE utf8mb4_unicode_ci NOT NULL,
  `payload` longtext COLLATE utf8mb4_unicode_ci NOT NULL,
  `attempts` tinyint unsigned NOT NULL,
  `reserved_at` int unsigned DEFAULT NULL,
  `available_at` int unsigned NOT NULL,
  `created_at` int unsigned NOT NULL,
  PRIMARY KEY (`id`),
  KEY `jobs_queue_index` (`queue`)
) ENGINE=InnoDB AUTO_INCREMENT=350 DEFAULT CHARSET=utf8mb4 COLLATE=utf8mb4_unicode_ci;

-- Dumping data for table vps_livestream_control.jobs: ~0 rows (approximately)

-- Dumping structure for table vps_livestream_control.job_batches
DROP TABLE IF EXISTS `job_batches`;
CREATE TABLE IF NOT EXISTS `job_batches` (
  `id` varchar(255) COLLATE utf8mb4_unicode_ci NOT NULL,
  `name` varchar(255) COLLATE utf8mb4_unicode_ci NOT NULL,
  `total_jobs` int NOT NULL,
  `pending_jobs` int NOT NULL,
  `failed_jobs` int NOT NULL,
  `failed_job_ids` longtext COLLATE utf8mb4_unicode_ci NOT NULL,
  `options` mediumtext COLLATE utf8mb4_unicode_ci,
  `cancelled_at` int DEFAULT NULL,
  `created_at` int NOT NULL,
  `finished_at` int DEFAULT NULL,
  PRIMARY KEY (`id`)
) ENGINE=InnoDB DEFAULT CHARSET=utf8mb4 COLLATE=utf8mb4_unicode_ci;

-- Dumping data for table vps_livestream_control.job_batches: ~0 rows (approximately)

-- Dumping structure for table vps_livestream_control.migrations
DROP TABLE IF EXISTS `migrations`;
CREATE TABLE IF NOT EXISTS `migrations` (
  `id` int unsigned NOT NULL AUTO_INCREMENT,
  `migration` varchar(255) COLLATE utf8mb4_unicode_ci NOT NULL,
  `batch` int NOT NULL,
  PRIMARY KEY (`id`)
) ENGINE=InnoDB AUTO_INCREMENT=49 DEFAULT CHARSET=utf8mb4 COLLATE=utf8mb4_unicode_ci;

-- Dumping data for table vps_livestream_control.migrations: ~39 rows (approximately)
INSERT INTO `migrations` (`id`, `migration`, `batch`) VALUES
	(1, '0001_01_01_000000_create_users_table', 1),
	(2, '0001_01_01_000001_create_cache_table', 1),
	(3, '0001_01_01_000002_create_jobs_table', 1),
	(4, '2025_06_17_101928_add_role_to_users_table', 1),
	(5, '2025_06_17_102149_create_vps_servers_table', 1),
	(6, '2025_06_17_102623_create_service_packages_table', 1),
	(7, '2025_06_17_165648_create_stream_configurations_table', 1),
	(8, '2025_06_17_200338_create_subscriptions_table', 1),
	(9, '2025_06_17_200348_create_transactions_table', 1),
	(10, '2025_06_20_011006_add_status_to_vps_servers_table', 1),
	(11, '2025_06_20_011629_create_user_files_table', 1),
	(12, '2025_06_20_013840_create_vps_stats_table', 1),
	(13, '2025_06_20_031533_add_telegram_columns_to_users_table', 1),
	(14, '2025_06_20_031539_add_telegram_columns_to_users_table', 1),
	(15, '2025_06_20_031544_add_telegram_columns_to_users_table', 1),
	(16, '2025_06_20_032638_add_payment_code_to_transactions_table', 1),
	(17, '2025_06_20_103157_create_settings_table', 1),
	(18, '2025_06_20_155228_add_storage_limit_to_service_packages_table', 1),
	(19, '2025_06_20_162500_add_backup_url_to_stream_configurations_table', 1),
	(20, '2025_06_20_162702_add_backup_url_to_stream_configurations_table', 1),
	(21, '2025_06_20_164613_remove_backup_columns_from_stream_configurations_table', 1),
	(22, '2025_06_21_034220_add_expires_at_to_subscriptions_table', 1),
	(23, '2025_06_21_164658_add_streaming_options_to_stream_configurations_table', 1),
	(24, '2025_06_22_180127_add_google_drive_fields_to_user_files_table', 1),
	(25, '2025_06_22_214330_create_stream_sessions_table', 1),
	(26, '2025_06_22_232919_make_path_nullable_in_user_files_table', 1),
	(27, '2025_06_23_174800_add_google_drive_fields_to_user_files_table', 1),
	(28, '2025_06_25_182327_add_provision_token_to_vps_servers_table', 1),
	(29, '2025_06_25_202209_add_upload_session_url_to_user_files_table', 1),
	(30, '2025_06_27_000000_add_user_file_id_to_stream_configurations_table', 2),
	(31, '2025_06_28_000000_add_lock_to_user_files_table', 3),
	(32, '2025_06_29_000000_add_specs_to_vps_servers_table', 4),
	(33, '2025_06_27_053958_add_playlist_features_to_stream_configurations_table', 5),
	(34, '2025_06_27_054007_add_playlist_features_to_stream_configurations', 5),
	(35, '2025_06_27_070051_add_last_status_update_to_stream_configurations', 6),
	(36, '2025_06_27_100659_make_vps_server_id_nullable_in_stream_configurations', 7),
	(37, '2025_06_27_100705_make_vps_server_id_nullable_in_stream_configurations_table', 7),
	(38, '2025_06_27_233908_update_stream_configurations_status_column', 8),
	(39, '2025_06_28_035839_add_default_to_subscription_fields', 9),
	(42, '2025_06_28_040152_fix_subscription_status_values', 10),
	(43, '2025_06_28_073842_add_is_popular_to_service_packages_table', 10),
	(44, '2025_06_28_073849_add_is_popular_to_service_packages_table', 10),
	(45, '2025_06_29_003107_fix_payment_transaction_id_column_type', 11),
	(46, '2025_06_29_025803_add_video_resolution_to_service_packages_table', 12),
	(47, '2025_06_29_025808_add_video_resolution_to_service_packages_table', 12),
	(48, '2025_07_01_000000_add_video_resolution_to_service_packages_table', 12);

-- Dumping structure for table vps_livestream_control.password_reset_tokens
DROP TABLE IF EXISTS `password_reset_tokens`;
CREATE TABLE IF NOT EXISTS `password_reset_tokens` (
  `email` varchar(255) COLLATE utf8mb4_unicode_ci NOT NULL,
  `token` varchar(255) COLLATE utf8mb4_unicode_ci NOT NULL,
  `created_at` timestamp NULL DEFAULT NULL,
  PRIMARY KEY (`email`)
) ENGINE=InnoDB DEFAULT CHARSET=utf8mb4 COLLATE=utf8mb4_unicode_ci;

-- Dumping data for table vps_livestream_control.password_reset_tokens: ~0 rows (approximately)
INSERT INTO `password_reset_tokens` (`email`, `token`, `created_at`) VALUES
	('truongvando2019@outlook.com.vn', '$2y$12$HpywwGst96ccQ6oHQXy85O/S5vcMEA4cL.85sWy8oNXCPjs8fxksS', '2025-06-28 01:48:39');

-- Dumping structure for table vps_livestream_control.service_packages
DROP TABLE IF EXISTS `service_packages`;
CREATE TABLE IF NOT EXISTS `service_packages` (
  `id` bigint unsigned NOT NULL AUTO_INCREMENT,
  `name` varchar(255) COLLATE utf8mb4_unicode_ci NOT NULL,
  `description` text COLLATE utf8mb4_unicode_ci,
  `price` decimal(15,2) NOT NULL,
  `max_streams` int NOT NULL DEFAULT '1',
  `storage_limit_gb` int unsigned NOT NULL DEFAULT '5',
  `storage_limit` bigint unsigned DEFAULT NULL COMMENT 'Storage limit in bytes',
  `max_video_width` int DEFAULT NULL,
  `max_video_height` int DEFAULT NULL,
  `features` json DEFAULT NULL,
  `is_active` tinyint(1) NOT NULL DEFAULT '1',
  `is_popular` tinyint(1) NOT NULL DEFAULT '0',
  `created_at` timestamp NULL DEFAULT NULL,
  `updated_at` timestamp NULL DEFAULT NULL,
  PRIMARY KEY (`id`)
) ENGINE=InnoDB AUTO_INCREMENT=6 DEFAULT CHARSET=utf8mb4 COLLATE=utf8mb4_unicode_ci;

-- Dumping data for table vps_livestream_control.service_packages: ~3 rows (approximately)
INSERT INTO `service_packages` (`id`, `name`, `description`, `price`, `max_streams`, `storage_limit_gb`, `storage_limit`, `max_video_width`, `max_video_height`, `features`, `is_active`, `is_popular`, `created_at`, `updated_at`) VALUES
	(1, 'Gói Cơ Bản', 'Gói livestream cơ bản cho người mới bắt đầu', 5000.00, 2, 5, 5, NULL, NULL, '["Hỗ trợ 2 stream đồng thời", "Chất lượng tối đa 720p", "Băng thông 50MB/s", "Dung lượng lưu trữ 5GB", "Hỗ trợ 24/7"]', 1, 0, '2025-06-26 16:40:49', '2025-06-29 16:44:55'),
	(2, 'Gói Chuyên Nghiệp', 'Gói livestream cho streamer chuyên nghiệp', 6000.00, 5, 20, 20, NULL, NULL, '["Hỗ trợ 5 stream đồng thời", "Chất lượng tối đa 1080p", "Băng thông 100MB/s", "Dung lượng lưu trữ 20GB", "Recording & replay", "Hỗ trợ ưu tiên"]', 1, 0, '2025-06-26 16:40:49', '2025-06-29 16:54:26'),
	(3, 'Gói Doanh Nghiệp', 'Gói livestream cho doanh nghiệp và tổ chức lớn', 7000.00, 20, 100, 100, NULL, NULL, '["Hỗ trợ 20 stream đồng thời", "Chất lượng tối đa 4K", "Băng thông không giới hạn", "Dung lượng lưu trữ 100GB", "Multi-platform streaming", "Advanced analytics", "Dedicated support"]', 1, 1, '2025-06-26 16:40:49', '2025-06-29 16:54:26');

-- Dumping structure for table vps_livestream_control.sessions
DROP TABLE IF EXISTS `sessions`;
CREATE TABLE IF NOT EXISTS `sessions` (
  `id` varchar(255) COLLATE utf8mb4_unicode_ci NOT NULL,
  `user_id` bigint unsigned DEFAULT NULL,
  `ip_address` varchar(45) COLLATE utf8mb4_unicode_ci DEFAULT NULL,
  `user_agent` text COLLATE utf8mb4_unicode_ci,
  `payload` longtext COLLATE utf8mb4_unicode_ci NOT NULL,
  `last_activity` int NOT NULL,
  PRIMARY KEY (`id`),
  KEY `sessions_user_id_index` (`user_id`),
  KEY `sessions_last_activity_index` (`last_activity`)
) ENGINE=InnoDB DEFAULT CHARSET=utf8mb4 COLLATE=utf8mb4_unicode_ci;

-- Dumping data for table vps_livestream_control.sessions: ~0 rows (approximately)

-- Dumping structure for table vps_livestream_control.settings
DROP TABLE IF EXISTS `settings`;
CREATE TABLE IF NOT EXISTS `settings` (
  `id` bigint unsigned NOT NULL AUTO_INCREMENT,
  `key` varchar(255) COLLATE utf8mb4_unicode_ci NOT NULL,
  `value` text COLLATE utf8mb4_unicode_ci,
  `created_at` timestamp NULL DEFAULT NULL,
  `updated_at` timestamp NULL DEFAULT NULL,
  PRIMARY KEY (`id`),
  UNIQUE KEY `settings_key_unique` (`key`)
) ENGINE=InnoDB AUTO_INCREMENT=5 DEFAULT CHARSET=utf8mb4 COLLATE=utf8mb4_unicode_ci;

-- Dumping data for table vps_livestream_control.settings: ~3 rows (approximately)
INSERT INTO `settings` (`id`, `key`, `value`, `created_at`, `updated_at`) VALUES
	(1, 'payment_bank_id', '970436', '2025-06-26 16:40:49', '2025-06-26 16:40:49'),
	(2, 'payment_account_no', '0971000032314', '2025-06-26 16:40:49', '2025-06-26 16:40:49'),
	(3, 'payment_account_name', 'TRUONG VAN DO', '2025-06-26 16:40:49', '2025-06-26 16:40:49'),
	(4, 'payment_api_endpoint', 'https://api.sieuthicode.net/historyapivcbv3/Dotruong1999a@/0971000032314/20a41bf5a1b326c57f0220c301099097', '2025-06-28 15:26:20', '2025-06-28 15:26:20');

-- Dumping structure for table vps_livestream_control.stream_configurations
DROP TABLE IF EXISTS `stream_configurations`;
CREATE TABLE IF NOT EXISTS `stream_configurations` (
  `id` bigint unsigned NOT NULL AUTO_INCREMENT,
  `user_id` bigint unsigned NOT NULL,
  `vps_server_id` bigint unsigned DEFAULT NULL,
  `user_file_id` bigint unsigned DEFAULT NULL,
  `title` varchar(255) COLLATE utf8mb4_unicode_ci NOT NULL,
  `description` text COLLATE utf8mb4_unicode_ci,
  `video_source_path` varchar(255) COLLATE utf8mb4_unicode_ci NOT NULL,
  `rtmp_url` varchar(255) COLLATE utf8mb4_unicode_ci NOT NULL,
  `rtmp_backup_url` text COLLATE utf8mb4_unicode_ci,
  `stream_key` varchar(255) COLLATE utf8mb4_unicode_ci NOT NULL,
  `ffmpeg_options` text COLLATE utf8mb4_unicode_ci,
  `stream_preset` varchar(255) COLLATE utf8mb4_unicode_ci NOT NULL DEFAULT 'direct' COMMENT 'Preset for ffmpeg options',
  `loop` tinyint(1) NOT NULL DEFAULT '0' COMMENT 'Loop the video',
  `playlist_order` enum('sequential','random') COLLATE utf8mb4_unicode_ci NOT NULL DEFAULT 'sequential',
  `scheduled_at` timestamp NULL DEFAULT NULL COMMENT 'Scheduled start time',
  `status` enum('PENDING','INACTIVE','ACTIVE','STARTING','STREAMING','STOPPING','STOPPED','COMPLETED','ERROR') COLLATE utf8mb4_unicode_ci NOT NULL DEFAULT 'INACTIVE',
  `ffmpeg_pid` int DEFAULT NULL,
  `last_started_at` timestamp NULL DEFAULT NULL,
  `last_stopped_at` timestamp NULL DEFAULT NULL,
  `last_status_update` timestamp NULL DEFAULT NULL,
  `output_log_path` varchar(255) COLLATE utf8mb4_unicode_ci DEFAULT NULL,
  `created_at` timestamp NULL DEFAULT NULL,
  `updated_at` timestamp NULL DEFAULT NULL,
  PRIMARY KEY (`id`),
  KEY `stream_configurations_user_id_foreign` (`user_id`),
  KEY `stream_configurations_vps_server_id_foreign` (`vps_server_id`),
  KEY `stream_configurations_user_file_id_foreign` (`user_file_id`),
  CONSTRAINT `stream_configurations_user_file_id_foreign` FOREIGN KEY (`user_file_id`) REFERENCES `user_files` (`id`) ON DELETE CASCADE,
  CONSTRAINT `stream_configurations_user_id_foreign` FOREIGN KEY (`user_id`) REFERENCES `users` (`id`) ON DELETE CASCADE,
  CONSTRAINT `stream_configurations_vps_server_id_foreign` FOREIGN KEY (`vps_server_id`) REFERENCES `vps_servers` (`id`) ON DELETE CASCADE
) ENGINE=InnoDB AUTO_INCREMENT=6 DEFAULT CHARSET=utf8mb4 COLLATE=utf8mb4_unicode_ci;

-- Dumping data for table vps_livestream_control.stream_configurations: ~1 rows (approximately)

-- Dumping structure for table vps_livestream_control.stream_sessions
DROP TABLE IF EXISTS `stream_sessions`;
CREATE TABLE IF NOT EXISTS `stream_sessions` (
  `id` bigint unsigned NOT NULL AUTO_INCREMENT,
  `user_id` bigint unsigned NOT NULL,
  `user_file_id` bigint unsigned NOT NULL,
  `vps_server_id` bigint unsigned NOT NULL,
  `status` enum('initializing','active','stopped','failed','error') COLLATE utf8mb4_unicode_ci NOT NULL DEFAULT 'initializing',
  `streaming_strategy` varchar(255) COLLATE utf8mb4_unicode_ci DEFAULT NULL,
  `stream_pid` varchar(255) COLLATE utf8mb4_unicode_ci DEFAULT NULL,
  `ffmpeg_command` text COLLATE utf8mb4_unicode_ci,
  `local_file_path` varchar(255) COLLATE utf8mb4_unicode_ci DEFAULT NULL,
  `streaming_url` varchar(255) COLLATE utf8mb4_unicode_ci DEFAULT NULL,
  `estimated_setup_time` int DEFAULT NULL,
  `stopped_at` timestamp NULL DEFAULT NULL,
  `stop_reason` varchar(255) COLLATE utf8mb4_unicode_ci DEFAULT NULL,
  `cleanup_result` json DEFAULT NULL,
  `bytes_streamed` bigint NOT NULL DEFAULT '0',
  `duration_seconds` int NOT NULL DEFAULT '0',
  `viewer_count` int NOT NULL DEFAULT '0',
  `created_at` timestamp NULL DEFAULT NULL,
  `updated_at` timestamp NULL DEFAULT NULL,
  PRIMARY KEY (`id`),
  KEY `stream_sessions_user_file_id_foreign` (`user_file_id`),
  KEY `stream_sessions_user_id_status_index` (`user_id`,`status`),
  KEY `stream_sessions_vps_server_id_status_index` (`vps_server_id`,`status`),
  KEY `stream_sessions_status_index` (`status`),
  KEY `stream_sessions_created_at_index` (`created_at`),
  CONSTRAINT `stream_sessions_user_file_id_foreign` FOREIGN KEY (`user_file_id`) REFERENCES `user_files` (`id`) ON DELETE CASCADE,
  CONSTRAINT `stream_sessions_user_id_foreign` FOREIGN KEY (`user_id`) REFERENCES `users` (`id`) ON DELETE CASCADE,
  CONSTRAINT `stream_sessions_vps_server_id_foreign` FOREIGN KEY (`vps_server_id`) REFERENCES `vps_servers` (`id`) ON DELETE CASCADE
) ENGINE=InnoDB DEFAULT CHARSET=utf8mb4 COLLATE=utf8mb4_unicode_ci;

-- Dumping data for table vps_livestream_control.stream_sessions: ~0 rows (approximately)

-- Dumping structure for table vps_livestream_control.subscriptions
DROP TABLE IF EXISTS `subscriptions`;
CREATE TABLE IF NOT EXISTS `subscriptions` (
  `id` bigint unsigned NOT NULL AUTO_INCREMENT,
  `user_id` bigint unsigned NOT NULL,
  `service_package_id` bigint unsigned NOT NULL,
  `starts_at` timestamp NULL DEFAULT NULL,
  `ends_at` timestamp NULL DEFAULT NULL,
  `expires_at` timestamp NULL DEFAULT NULL,
  `status` enum('ACTIVE','INACTIVE','PENDING_PAYMENT','CANCELED') COLLATE utf8mb4_unicode_ci NOT NULL DEFAULT 'PENDING_PAYMENT',
  `payment_transaction_id` bigint unsigned DEFAULT NULL,
  `created_at` timestamp NULL DEFAULT NULL,
  `updated_at` timestamp NULL DEFAULT NULL,
  PRIMARY KEY (`id`),
  KEY `subscriptions_user_id_foreign` (`user_id`),
  KEY `subscriptions_service_package_id_foreign` (`service_package_id`),
  KEY `subscriptions_payment_transaction_id_foreign` (`payment_transaction_id`),
  CONSTRAINT `subscriptions_payment_transaction_id_foreign` FOREIGN KEY (`payment_transaction_id`) REFERENCES `transactions` (`id`) ON DELETE SET NULL,
  CONSTRAINT `subscriptions_service_package_id_foreign` FOREIGN KEY (`service_package_id`) REFERENCES `service_packages` (`id`) ON DELETE CASCADE,
  CONSTRAINT `subscriptions_user_id_foreign` FOREIGN KEY (`user_id`) REFERENCES `users` (`id`) ON DELETE CASCADE
) ENGINE=InnoDB AUTO_INCREMENT=30 DEFAULT CHARSET=utf8mb4 COLLATE=utf8mb4_unicode_ci;

-- Dumping data for table vps_livestream_control.subscriptions: ~3 rows (approximately)
INSERT INTO `subscriptions` (`id`, `user_id`, `service_package_id`, `starts_at`, `ends_at`, `expires_at`, `status`, `payment_transaction_id`, `created_at`, `updated_at`) VALUES
	(26, 8, 1, '2025-06-28 19:24:01', '2025-07-28 19:24:01', NULL, 'ACTIVE', NULL, '2025-06-28 19:23:29', '2025-06-28 19:24:01'),
	(27, 8, 2, '2025-06-28 19:27:23', '2025-07-28 19:27:23', NULL, 'ACTIVE', NULL, '2025-06-28 19:26:22', '2025-06-28 19:27:23'),
	(28, 9, 1, '2025-06-29 16:33:29', '2025-07-29 16:33:29', NULL, 'ACTIVE', NULL, '2025-06-29 16:32:38', '2025-06-29 16:33:29'),
	(29, 10, 1, '2025-06-29 16:44:02', '2025-07-29 16:44:02', NULL, 'ACTIVE', NULL, '2025-06-29 16:44:02', '2025-06-29 16:44:02');

-- Dumping structure for table vps_livestream_control.transactions
DROP TABLE IF EXISTS `transactions`;
CREATE TABLE IF NOT EXISTS `transactions` (
  `id` bigint unsigned NOT NULL AUTO_INCREMENT,
  `payment_code` varchar(255) COLLATE utf8mb4_unicode_ci DEFAULT NULL,
  `user_id` bigint unsigned NOT NULL,
  `subscription_id` bigint unsigned DEFAULT NULL,
  `amount` decimal(15,2) NOT NULL,
  `currency` varchar(3) COLLATE utf8mb4_unicode_ci NOT NULL,
  `payment_gateway` varchar(255) COLLATE utf8mb4_unicode_ci NOT NULL,
  `gateway_transaction_id` varchar(255) COLLATE utf8mb4_unicode_ci DEFAULT NULL,
  `status` enum('PENDING','COMPLETED','FAILED') COLLATE utf8mb4_unicode_ci NOT NULL DEFAULT 'PENDING',
  `description` varchar(255) COLLATE utf8mb4_unicode_ci DEFAULT NULL,
  `created_at` timestamp NULL DEFAULT NULL,
  `updated_at` timestamp NULL DEFAULT NULL,
  PRIMARY KEY (`id`),
  UNIQUE KEY `transactions_payment_code_unique` (`payment_code`),
  KEY `transactions_user_id_foreign` (`user_id`),
  KEY `transactions_subscription_id_foreign` (`subscription_id`),
  CONSTRAINT `transactions_subscription_id_foreign` FOREIGN KEY (`subscription_id`) REFERENCES `subscriptions` (`id`) ON DELETE SET NULL,
  CONSTRAINT `transactions_user_id_foreign` FOREIGN KEY (`user_id`) REFERENCES `users` (`id`) ON DELETE CASCADE
) ENGINE=InnoDB AUTO_INCREMENT=31 DEFAULT CHARSET=utf8mb4 COLLATE=utf8mb4_unicode_ci;

-- Dumping data for table vps_livestream_control.transactions: ~3 rows (approximately)
INSERT INTO `transactions` (`id`, `payment_code`, `user_id`, `subscription_id`, `amount`, `currency`, `payment_gateway`, `gateway_transaction_id`, `status`, `description`, `created_at`, `updated_at`) VALUES
	(28, 'STREAM2026', 8, 26, 5000.00, 'VND', 'VIETQR_VCB', '5423 - 98420', 'COMPLETED', 'Thanh toán gói Gói Cơ Bản', '2025-06-28 19:23:29', '2025-06-28 19:24:01'),
	(29, 'STREAM5027', 8, 27, 6000.00, 'VND', 'VIETQR_VCB', '5423 - 5415', 'COMPLETED', 'Nâng cấp lên gói Gói Chuyên Nghiệp', '2025-06-28 19:26:22', '2025-06-28 19:27:23'),
	(30, 'STREAM2028', 9, 28, 5000.00, 'VND', 'VIETQR_VCB', '5414 - 44053', 'COMPLETED', 'Thanh toán cho gói Gói Cơ Bản', '2025-06-29 16:32:38', '2025-06-29 16:33:29');

-- Dumping structure for table vps_livestream_control.users
DROP TABLE IF EXISTS `users`;
CREATE TABLE IF NOT EXISTS `users` (
  `id` bigint unsigned NOT NULL AUTO_INCREMENT,
  `name` varchar(255) COLLATE utf8mb4_unicode_ci NOT NULL,
  `email` varchar(255) COLLATE utf8mb4_unicode_ci NOT NULL,
  `role` varchar(255) COLLATE utf8mb4_unicode_ci NOT NULL DEFAULT 'user',
  `email_verified_at` timestamp NULL DEFAULT NULL,
  `password` varchar(255) COLLATE utf8mb4_unicode_ci NOT NULL,
  `remember_token` varchar(100) COLLATE utf8mb4_unicode_ci DEFAULT NULL,
  `telegram_bot_token` text COLLATE utf8mb4_unicode_ci,
  `telegram_chat_id` varchar(255) COLLATE utf8mb4_unicode_ci DEFAULT NULL,
  `created_at` timestamp NULL DEFAULT NULL,
  `updated_at` timestamp NULL DEFAULT NULL,
  PRIMARY KEY (`id`),
  UNIQUE KEY `users_email_unique` (`email`)
) ENGINE=InnoDB AUTO_INCREMENT=11 DEFAULT CHARSET=utf8mb4 COLLATE=utf8mb4_unicode_ci;

-- Dumping data for table vps_livestream_control.users: ~2 rows (approximately)
INSERT INTO `users` (`id`, `name`, `email`, `role`, `email_verified_at`, `password`, `remember_token`, `telegram_bot_token`, `telegram_chat_id`, `created_at`, `updated_at`) VALUES
	(1, 'Admin', 'admin@livestream.vps', 'admin', '2025-06-26 16:40:49', '$2y$12$aOc97A/REsRBGfyTfjR.wuicszlJ7DLrSsfx5N1nsMJv0VmMZ.hf6', 'mLRA6CGaH0v90ZpW6LZUKKtmPHlglXZW86KYczBtuwr4zHGy2Lgd5KWvbFB1', NULL, NULL, '2025-06-26 16:40:49', '2025-06-26 16:40:49'),
	(8, 'TRUONG VAN DO', 'truongvando2019@outlook.com.vn', 'user', NULL, '$2y$12$2JQbwLGUEFMk/lvFs3I04e9k0nNwR2V6pXo4ufhj9XXMtUINTTP6.', NULL, NULL, NULL, '2025-06-27 18:23:48', '2025-06-27 18:23:48'),
	(9, 'độ', 'mmmochi123568@gmail.com', 'user', NULL, '$2y$12$fNhiG4RP7AuI8ikrfVtu.uLXoKkrwavSgWCWtIafnwAP2YzZw1boi', NULL, NULL, NULL, '2025-06-28 08:02:52', '2025-06-28 08:02:52'),
	(10, 'Test User', 'test@example.com', 'user', NULL, '$2y$12$xTKJVWw4suqcXP2FU0fBl.IXc9cABV6rXtPk4h3bh8LHm3iU3WBSC', NULL, NULL, NULL, '2025-06-29 16:44:02', '2025-06-29 16:44:02');

-- Dumping structure for table vps_livestream_control.user_files
DROP TABLE IF EXISTS `user_files`;
CREATE TABLE IF NOT EXISTS `user_files` (
  `id` bigint unsigned NOT NULL AUTO_INCREMENT,
  `user_id` bigint unsigned NOT NULL,
  `vps_server_id` bigint unsigned DEFAULT NULL,
  `disk` varchar(255) COLLATE utf8mb4_unicode_ci NOT NULL DEFAULT 'local',
  `path` varchar(255) COLLATE utf8mb4_unicode_ci DEFAULT NULL,
  `original_name` varchar(255) COLLATE utf8mb4_unicode_ci NOT NULL,
  `mime_type` varchar(255) COLLATE utf8mb4_unicode_ci NOT NULL,
  `size` bigint unsigned NOT NULL,
  `status` varchar(255) COLLATE utf8mb4_unicode_ci NOT NULL DEFAULT 'PENDING_TRANSFER',
  `is_locked` tinyint(1) NOT NULL DEFAULT '0' COMMENT 'Prevents file from being deleted by cleanup jobs while in use',
  `source_url` varchar(255) COLLATE utf8mb4_unicode_ci DEFAULT NULL COMMENT 'Original source URL (Google Drive, etc.)',
  `google_drive_file_id` varchar(255) COLLATE utf8mb4_unicode_ci DEFAULT NULL COMMENT 'Google Drive file ID',
  `upload_session_url` text COLLATE utf8mb4_unicode_ci,
  `error_message` text COLLATE utf8mb4_unicode_ci COMMENT 'Error message if download/transfer failed',
  `downloaded_at` timestamp NULL DEFAULT NULL COMMENT 'When file was downloaded',
  `download_source` varchar(255) COLLATE utf8mb4_unicode_ci NOT NULL DEFAULT 'upload' COMMENT 'Source: upload, google_drive, etc.',
  `status_message` text COLLATE utf8mb4_unicode_ci,
  `created_at` timestamp NULL DEFAULT NULL,
  `updated_at` timestamp NULL DEFAULT NULL,
  PRIMARY KEY (`id`),
  KEY `user_files_user_id_foreign` (`user_id`),
  KEY `user_files_vps_server_id_foreign` (`vps_server_id`),
  CONSTRAINT `user_files_user_id_foreign` FOREIGN KEY (`user_id`) REFERENCES `users` (`id`) ON DELETE CASCADE,
  CONSTRAINT `user_files_vps_server_id_foreign` FOREIGN KEY (`vps_server_id`) REFERENCES `vps_servers` (`id`) ON DELETE SET NULL
) ENGINE=InnoDB AUTO_INCREMENT=28 DEFAULT CHARSET=utf8mb4 COLLATE=utf8mb4_unicode_ci;

-- Dumping data for table vps_livestream_control.user_files: ~3 rows (approximately)
INSERT INTO `user_files` (`id`, `user_id`, `vps_server_id`, `disk`, `path`, `original_name`, `mime_type`, `size`, `status`, `is_locked`, `source_url`, `google_drive_file_id`, `upload_session_url`, `error_message`, `downloaded_at`, `download_source`, `status_message`, `created_at`, `updated_at`) VALUES
	(8, 1, NULL, 'google_drive', NULL, 'hoilokhungmienbac.mp4', 'video/mp4', 255609211, 'AVAILABLE', 0, NULL, '1LTopXnzMGxP1DXcceeXLRaPYLwzoZsDU', NULL, NULL, NULL, 'upload', NULL, '2025-06-29 17:40:15', '2025-06-29 17:40:15'),
	(27, 9, NULL, 'google_drive', NULL, '2025-06-28 15-19-28.mp4', 'video/mp4', 50222053, 'AVAILABLE', 0, 'https://drive.google.com/file/d/1_hRXJ1xhYJdigbyY8nrwzQXeWOtLIgOQ/view?usp=sharing', '1_hRXJ1xhYJdigbyY8nrwzQXeWOtLIgOQ', NULL, NULL, NULL, 'upload', NULL, '2025-06-29 21:27:53', '2025-06-29 21:27:53');

-- Dumping structure for table vps_livestream_control.vps_servers
DROP TABLE IF EXISTS `vps_servers`;
CREATE TABLE IF NOT EXISTS `vps_servers` (
  `id` bigint unsigned NOT NULL AUTO_INCREMENT,
  `name` varchar(255) COLLATE utf8mb4_unicode_ci NOT NULL,
  `provider` varchar(255) COLLATE utf8mb4_unicode_ci DEFAULT NULL,
  `ip_address` varchar(255) COLLATE utf8mb4_unicode_ci NOT NULL,
  `ssh_user` varchar(255) COLLATE utf8mb4_unicode_ci NOT NULL DEFAULT 'root',
  `ssh_password` text COLLATE utf8mb4_unicode_ci NOT NULL,
  `ssh_port` int NOT NULL DEFAULT '22',
  `is_active` tinyint(1) NOT NULL DEFAULT '1',
  `status` varchar(255) COLLATE utf8mb4_unicode_ci NOT NULL DEFAULT 'PENDING',
  `status_message` text COLLATE utf8mb4_unicode_ci,
  `provision_token` varchar(255) COLLATE utf8mb4_unicode_ci DEFAULT NULL,
  `provisioned_at` timestamp NULL DEFAULT NULL,
  `description` text COLLATE utf8mb4_unicode_ci,
  `cpu_cores` int unsigned NOT NULL DEFAULT '1',
  `ram_gb` int unsigned NOT NULL DEFAULT '1',
  `disk_gb` int unsigned NOT NULL DEFAULT '10',
  `bandwidth_gb` int unsigned NOT NULL DEFAULT '1000',
  `created_at` timestamp NULL DEFAULT NULL,
  `updated_at` timestamp NULL DEFAULT NULL,
  PRIMARY KEY (`id`),
  UNIQUE KEY `vps_servers_ip_address_unique` (`ip_address`),
  UNIQUE KEY `vps_servers_provision_token_unique` (`provision_token`)
) ENGINE=InnoDB AUTO_INCREMENT=12 DEFAULT CHARSET=utf8mb4 COLLATE=utf8mb4_unicode_ci;

-- Dumping data for table vps_livestream_control.vps_servers: ~1 rows (approximately)
INSERT INTO `vps_servers` (`id`, `name`, `provider`, `ip_address`, `ssh_user`, `ssh_password`, `ssh_port`, `is_active`, `status`, `status_message`, `provision_token`, `provisioned_at`, `description`, `cpu_cores`, `ram_gb`, `disk_gb`, `bandwidth_gb`, `created_at`, `updated_at`) VALUES
	(11, 'test', NULL, '139.162.36.196', 'root', 'eyJpdiI6IlNWZytWVEJJWmZMMU92ZEh1dHRLckE9PSIsInZhbHVlIjoiMkJVbFFJRWJNYkdBM1pDZEpPSWU5Zz09IiwibWFjIjoiMzA5NjM4MDE1MDAyN2RmYTI1MjJiMGRiNWJmYjY0ZTMwMDU2ZTc0MGE2N2VkYjEzNTdiNTZkOGE2OWI4OWZlNyIsInRhZyI6IiJ9', 22, 1, 'ACTIVE', 'Provisioning completed successfully', NULL, '2025-06-27 18:07:44', '', 1, 1, 10, 1000, '2025-06-27 02:26:59', '2025-06-27 18:07:44');

-- Dumping structure for table vps_livestream_control.vps_stats
DROP TABLE IF EXISTS `vps_stats`;
CREATE TABLE IF NOT EXISTS `vps_stats` (
  `id` bigint unsigned NOT NULL AUTO_INCREMENT,
  `vps_server_id` bigint unsigned NOT NULL,
  `cpu_usage_percent` float NOT NULL DEFAULT '0',
  `ram_usage_percent` float NOT NULL DEFAULT '0',
  `disk_usage_percent` float NOT NULL DEFAULT '0',
  `created_at` timestamp NOT NULL DEFAULT CURRENT_TIMESTAMP,
  PRIMARY KEY (`id`),
  KEY `vps_stats_vps_server_id_foreign` (`vps_server_id`),
  CONSTRAINT `vps_stats_vps_server_id_foreign` FOREIGN KEY (`vps_server_id`) REFERENCES `vps_servers` (`id`) ON DELETE CASCADE
) ENGINE=InnoDB AUTO_INCREMENT=1062 DEFAULT CHARSET=utf8mb4 COLLATE=utf8mb4_unicode_ci;

-- Dumping data for table vps_livestream_control.vps_stats: ~962 rows (approximately)
INSERT INTO `vps_stats` (`id`, `vps_server_id`, `cpu_usage_percent`, `ram_usage_percent`, `disk_usage_percent`, `created_at`) VALUES
	(1, 11, 0, 30.75, 17, '2025-06-27 10:42:14'),
	(2, 11, 0, 30.34, 17, '2025-06-27 10:42:45'),
	(3, 11, 0, 33.16, 17, '2025-06-27 03:43:27'),
	(4, 11, 0, 30.53, 17, '2025-06-27 06:49:28'),
	(5, 11, 0, 30.28, 17, '2025-06-27 06:49:32'),
	(6, 11, 0, 30.98, 17, '2025-06-27 13:51:52'),
	(7, 11, 0, 30.05, 17, '2025-06-27 06:52:07'),
	(8, 11, 0, 30.97, 17, '2025-06-27 06:55:24'),
	(9, 11, 0, 30.24, 17, '2025-06-27 06:55:29'),
	(10, 11, 0, 30.32, 17, '2025-06-27 06:55:33'),
	(11, 11, 0, 0, 17, '2025-06-27 06:58:01'),
	(12, 11, 0, 30.83, 17, '2025-06-27 06:58:22'),
	(13, 11, 9.1, 30.57, 17, '2025-06-27 06:58:45'),
	(14, 11, 0, 25.27, 17, '2025-06-27 06:59:08'),
	(15, 11, 58.3, 23.18, 17, '2025-06-27 14:48:58'),
	(16, 11, 0, 24, 17, '2025-06-27 15:08:47'),
	(17, 11, 0, 26.41, 17, '2025-06-27 15:19:07'),
	(18, 11, 9.1, 24.93, 17, '2025-06-27 15:37:18'),
	(19, 11, 83.3, 33.04, 17, '2025-06-27 22:51:31'),
	(20, 11, 0, 22.73, 17, '2025-06-27 15:51:52'),
	(21, 11, 0, 23.12, 17, '2025-06-27 15:51:56'),
	(22, 11, 0, 22.9, 17, '2025-06-27 15:52:01'),
	(23, 11, 0, 22.9, 17, '2025-06-27 15:52:05'),
	(24, 11, 0, 32.07, 17, '2025-06-28 00:32:42'),
	(25, 11, 25.5, 45.2, 67.8, '2025-06-27 17:43:58'),
	(26, 11, 35.7, 52.3, 68.9, '2025-06-27 17:47:39'),
	(27, 11, 15.5, 34.2, 67.8, '2025-06-27 17:48:10'),
	(28, 11, 45.3, 56.7, 68.1, '2025-06-27 17:48:13'),
	(29, 11, 78.9, 82.1, 68.5, '2025-06-27 17:48:15'),
	(30, 11, 12.1, 28.4, 69, '2025-06-27 17:48:18'),
	(31, 11, 0, 23.7, 17, '2025-06-27 18:05:18'),
	(32, 11, 0, 23.52, 17, '2025-06-27 18:05:21'),
	(33, 11, 9.1, 23.23, 17, '2025-06-27 18:06:19'),
	(34, 11, 0, 23.28, 17, '2025-06-27 18:07:20'),
	(35, 11, 0, 23.27, 17, '2025-06-27 18:08:21'),
	(36, 11, 0, 23.47, 17, '2025-06-27 18:09:22'),
	(37, 11, 0, 23.45, 17, '2025-06-27 18:10:23'),
	(38, 11, 0, 23.23, 17, '2025-06-27 18:11:23'),
	(39, 11, 0, 23.23, 17, '2025-06-27 18:12:24'),
	(40, 11, 0, 22.85, 17, '2025-06-27 18:13:25'),
	(41, 11, 0, 22.87, 17, '2025-06-27 18:26:32'),
	(42, 11, 0, 22.87, 17, '2025-06-27 18:27:33'),
	(43, 11, 0, 22.87, 17, '2025-06-27 18:28:34'),
	(44, 11, 0, 22.87, 17, '2025-06-27 18:29:35'),
	(45, 11, 0, 22.87, 17, '2025-06-27 18:30:35'),
	(46, 11, 0, 22.88, 17, '2025-06-27 18:31:36'),
	(47, 11, 0, 22.87, 17, '2025-06-27 18:32:38'),
	(48, 11, 0, 22.87, 17, '2025-06-27 18:33:38'),
	(49, 11, 0, 22.98, 17, '2025-06-27 18:34:39'),
	(50, 11, 0, 22.59, 17, '2025-06-27 18:35:40'),
	(51, 11, 0, 22.92, 17, '2025-06-27 18:36:41'),
	(52, 11, 0, 22.92, 17, '2025-06-27 18:37:42'),
	(53, 11, 0, 22.92, 17, '2025-06-27 18:38:43'),
	(54, 11, 0, 22.92, 17, '2025-06-27 18:39:44'),
	(55, 11, 0, 22.88, 17, '2025-06-27 18:40:45'),
	(56, 11, 0, 22.88, 17, '2025-06-27 18:41:46'),
	(57, 11, 0, 22.94, 17, '2025-06-27 18:42:47'),
	(58, 11, 0, 22.94, 17, '2025-06-27 18:43:48'),
	(59, 11, 0, 22.94, 17, '2025-06-27 18:44:49'),
	(60, 11, 0, 22.88, 17, '2025-06-27 18:45:50'),
	(61, 11, 0, 22.9, 17, '2025-06-27 18:46:51'),
	(62, 11, 0, 22.9, 17, '2025-06-27 18:47:51'),
	(63, 11, 0, 22.9, 17, '2025-06-27 18:48:52'),
	(64, 11, 0, 22.9, 17, '2025-06-27 18:49:53'),
	(65, 11, 0, 23.07, 17, '2025-06-27 18:50:54'),
	(66, 11, 0, 23.07, 17, '2025-06-27 18:51:55'),
	(67, 11, 0, 22.87, 17, '2025-06-27 18:52:56'),
	(68, 11, 0, 22.57, 17, '2025-06-27 18:53:57'),
	(69, 11, 0, 22.89, 17, '2025-06-27 18:54:58'),
	(70, 11, 0, 22.92, 17, '2025-06-27 18:55:59'),
	(71, 11, 0, 22.92, 17, '2025-06-27 18:56:59'),
	(72, 11, 0, 22.92, 17, '2025-06-27 18:58:00'),
	(73, 11, 0, 22.95, 17, '2025-06-27 18:59:01'),
	(74, 11, 0, 23.49, 17, '2025-06-27 19:00:02'),
	(75, 11, 0, 23.48, 17, '2025-06-27 19:01:03'),
	(76, 11, 0, 23.48, 17, '2025-06-27 19:02:03'),
	(77, 11, 0, 23.48, 17, '2025-06-27 19:03:04'),
	(78, 11, 0, 23.46, 17, '2025-06-27 19:04:05'),
	(79, 11, 0, 22.89, 17, '2025-06-27 19:05:06'),
	(80, 11, 0, 22.91, 17, '2025-06-27 19:06:07'),
	(81, 11, 0, 22.9, 17, '2025-06-27 19:07:08'),
	(82, 11, 0, 22.92, 17, '2025-06-27 19:08:09'),
	(83, 11, 0, 22.92, 17, '2025-06-27 19:09:10'),
	(84, 11, 0, 22.92, 17, '2025-06-27 19:10:10'),
	(85, 11, 0, 22.92, 17, '2025-06-27 19:11:12'),
	(86, 11, 0, 22.92, 17, '2025-06-27 19:12:13'),
	(87, 11, 0, 23.1, 17, '2025-06-27 19:13:13'),
	(88, 11, 0, 22.86, 17, '2025-06-27 19:14:14'),
	(89, 11, 0, 22.88, 17, '2025-06-27 19:15:15'),
	(90, 11, 0, 22.88, 17, '2025-06-27 19:16:16'),
	(91, 11, 0, 22.85, 17, '2025-06-27 19:17:17'),
	(92, 11, 0, 22.87, 17, '2025-06-27 19:18:18'),
	(93, 11, 0, 22.87, 17, '2025-06-27 19:19:18'),
	(94, 11, 0, 22.87, 17, '2025-06-27 19:20:19'),
	(95, 11, 9.1, 22.87, 17, '2025-06-27 19:21:20'),
	(96, 11, 0, 22.87, 17, '2025-06-27 19:22:21'),
	(97, 11, 0, 22.87, 17, '2025-06-27 19:23:22'),
	(98, 11, 0, 22.87, 17, '2025-06-27 19:24:23'),
	(99, 11, 0, 22.87, 17, '2025-06-27 19:25:24'),
	(100, 11, 0, 22.87, 17, '2025-06-27 19:26:25'),
	(101, 11, 0, 23.05, 17, '2025-06-27 19:27:26'),
	(102, 11, 0, 23.05, 17, '2025-06-27 19:28:27'),
	(103, 11, 0, 22.85, 17, '2025-06-27 19:29:28'),
	(104, 11, 0, 22.87, 17, '2025-06-27 19:30:29'),
	(105, 11, 0, 22.87, 17, '2025-06-27 19:31:30'),
	(106, 11, 8.3, 22.97, 17, '2025-06-27 19:32:31'),
	(107, 11, 0, 22.97, 17, '2025-06-27 19:33:32'),
	(108, 11, 8.3, 22.97, 17, '2025-06-27 19:34:32'),
	(109, 11, 0, 22.97, 17, '2025-06-27 19:35:33'),
	(110, 11, 9.1, 23.13, 17, '2025-06-27 19:36:34'),
	(111, 11, 0, 23.13, 17, '2025-06-27 19:37:34'),
	(112, 11, 0, 23.13, 17, '2025-06-27 19:38:36'),
	(113, 11, 0, 22.93, 17, '2025-06-27 19:39:37'),
	(114, 11, 0, 22.97, 17, '2025-06-27 19:40:38'),
	(115, 11, 0, 22.88, 17, '2025-06-27 19:41:39'),
	(116, 11, 8.3, 22.9, 17, '2025-06-27 19:42:40'),
	(117, 11, 0, 22.9, 17, '2025-06-27 19:43:41'),
	(118, 11, 0, 22.89, 17, '2025-06-27 19:44:42'),
	(119, 11, 0, 23.68, 17, '2025-06-27 19:45:43'),
	(120, 11, 0, 23.68, 17, '2025-06-27 19:46:44'),
	(121, 11, 0, 23.68, 17, '2025-06-27 19:47:45'),
	(122, 11, 0, 23.5, 17, '2025-06-27 19:48:46'),
	(123, 11, 90.9, 23.64, 17, '2025-06-27 19:49:47'),
	(124, 11, 0, 23.09, 17, '2025-06-27 19:50:48'),
	(125, 11, 0, 23.08, 17, '2025-06-27 19:51:49'),
	(126, 11, 0, 23.09, 17, '2025-06-27 19:52:49'),
	(127, 11, 0, 22.87, 17, '2025-06-27 19:53:50'),
	(128, 11, 0, 22.86, 17, '2025-06-27 19:54:51'),
	(129, 11, 83.3, 23.13, 17, '2025-06-27 19:55:52'),
	(130, 11, 0, 23.13, 17, '2025-06-27 19:56:53'),
	(131, 11, 0, 22.93, 17, '2025-06-27 19:57:54'),
	(132, 11, 0, 22.93, 17, '2025-06-27 19:58:55'),
	(133, 11, 90.9, 23.07, 17, '2025-06-27 19:59:56'),
	(134, 11, 0, 22.87, 17, '2025-06-27 20:00:57'),
	(135, 11, 0, 22.9, 17, '2025-06-27 20:01:57'),
	(136, 11, 0, 22.9, 17, '2025-06-27 20:02:58'),
	(137, 11, 0, 23.07, 17, '2025-06-27 20:04:00'),
	(138, 11, 0, 24.4, 17, '2025-06-27 20:11:09'),
	(139, 11, 0, 23.65, 17, '2025-06-27 20:12:10'),
	(140, 11, 0, 23.65, 17, '2025-06-27 20:13:11'),
	(141, 11, 0, 23.65, 17, '2025-06-27 20:14:12'),
	(142, 11, 0, 23.02, 17, '2025-06-27 20:15:13'),
	(143, 11, 0, 23.02, 17, '2025-06-27 20:16:14'),
	(144, 11, 0, 23.06, 17, '2025-06-27 20:17:14'),
	(145, 11, 0, 23.1, 17, '2025-06-27 20:18:15'),
	(146, 11, 0, 22.99, 17, '2025-06-27 20:19:16'),
	(147, 11, 0, 22.98, 17, '2025-06-27 20:20:17'),
	(148, 11, 0, 23.24, 17, '2025-06-27 20:21:17'),
	(149, 11, 0, 23.24, 17, '2025-06-27 20:22:18'),
	(150, 11, 0, 23.24, 17, '2025-06-27 20:23:19'),
	(151, 11, 80, 23.16, 17, '2025-06-27 20:24:20'),
	(152, 11, 0, 23.16, 17, '2025-06-27 20:25:20'),
	(153, 11, 0, 23.16, 17, '2025-06-27 20:26:21'),
	(154, 11, 0, 23.27, 17, '2025-06-27 20:27:22'),
	(155, 11, 0, 22.93, 17, '2025-06-27 20:28:23'),
	(156, 11, 0, 22.93, 17, '2025-06-27 20:29:23'),
	(157, 11, 0, 22.91, 17, '2025-06-27 20:30:24'),
	(158, 11, 0, 22.96, 17, '2025-06-27 20:31:25'),
	(159, 11, 0, 22.63, 17, '2025-06-27 20:32:26'),
	(160, 11, 0, 22.94, 17, '2025-06-27 20:33:27'),
	(161, 11, 0, 23.14, 17, '2025-06-27 20:34:28'),
	(162, 11, 0, 22.92, 17, '2025-06-27 20:35:28'),
	(163, 11, 0, 23.12, 17, '2025-06-27 20:36:29'),
	(164, 11, 0, 23.34, 17, '2025-06-27 20:37:30'),
	(165, 11, 0, 22.98, 17, '2025-06-27 20:38:31'),
	(166, 11, 0, 22.98, 17, '2025-06-27 20:39:32'),
	(167, 11, 0, 22.99, 17, '2025-06-27 20:40:33'),
	(168, 11, 0, 22.94, 17, '2025-06-27 20:41:34'),
	(169, 11, 0, 22.96, 17, '2025-06-27 20:42:34'),
	(170, 11, 0, 22.98, 17, '2025-06-27 20:43:35'),
	(171, 11, 0, 22.94, 17, '2025-06-27 20:44:36'),
	(172, 11, 0, 22.99, 17, '2025-06-27 20:45:37'),
	(173, 11, 0, 22.99, 17, '2025-06-27 20:46:38'),
	(174, 11, 0, 23.19, 17, '2025-06-27 20:47:39'),
	(175, 11, 0, 22.92, 17, '2025-06-27 20:48:40'),
	(176, 11, 0, 22.91, 17, '2025-06-27 20:49:41'),
	(177, 11, 0, 23.12, 17, '2025-06-27 20:51:43'),
	(178, 11, 8.3, 23.12, 17, '2025-06-27 20:52:44'),
	(179, 11, 0, 23.12, 17, '2025-06-27 20:53:45'),
	(180, 11, 0, 22.92, 17, '2025-06-27 20:54:46'),
	(181, 11, 0, 22.94, 17, '2025-06-27 20:55:47'),
	(182, 11, 0, 22.92, 17, '2025-06-27 20:56:48'),
	(183, 11, 0, 22.92, 17, '2025-06-27 20:57:49'),
	(184, 11, 0, 22.86, 17, '2025-06-27 20:58:49'),
	(185, 11, 9.1, 22.94, 17, '2025-06-27 20:59:50'),
	(186, 11, 0, 22.99, 17, '2025-06-27 21:00:52'),
	(187, 11, 8.3, 23.02, 17, '2025-06-27 21:01:52'),
	(188, 11, 0, 23.02, 17, '2025-06-27 21:02:53'),
	(189, 11, 0, 23.01, 17, '2025-06-27 21:03:54'),
	(190, 11, 0, 23.01, 17, '2025-06-27 21:04:55'),
	(191, 11, 0, 23.14, 17, '2025-06-27 21:05:55'),
	(192, 11, 0, 22.94, 17, '2025-06-27 21:06:56'),
	(193, 11, 0, 22.94, 17, '2025-06-27 21:07:57'),
	(194, 11, 0, 22.99, 17, '2025-06-27 21:08:58'),
	(195, 11, 0, 23.01, 17, '2025-06-27 21:09:59'),
	(196, 11, 0, 23.01, 17, '2025-06-27 21:11:00'),
	(197, 11, 0, 23.63, 17, '2025-06-27 21:12:01'),
	(198, 11, 0, 23.55, 17, '2025-06-27 21:13:02'),
	(199, 11, 0, 23.57, 17, '2025-06-27 21:14:03'),
	(200, 11, 0, 23.57, 17, '2025-06-27 21:15:04'),
	(201, 11, 0, 23.57, 17, '2025-06-27 21:16:05'),
	(202, 11, 0, 23.57, 17, '2025-06-27 21:17:06'),
	(203, 11, 0, 23.57, 17, '2025-06-27 21:18:07'),
	(204, 11, 0, 23.57, 17, '2025-06-27 21:19:08'),
	(205, 11, 0, 23.57, 17, '2025-06-27 21:20:09'),
	(206, 11, 0, 23.57, 17, '2025-06-27 21:21:10'),
	(207, 11, 0, 23.57, 17, '2025-06-27 21:22:11'),
	(208, 11, 0, 23.57, 17, '2025-06-27 21:23:12'),
	(209, 11, 0, 22.98, 17, '2025-06-27 21:24:13'),
	(210, 11, 0, 22.94, 17, '2025-06-27 21:25:14'),
	(211, 11, 0, 22.96, 17, '2025-06-27 21:26:15'),
	(212, 11, 0, 22.66, 17, '2025-06-27 21:27:16'),
	(213, 11, 0, 22.99, 17, '2025-06-27 21:28:17'),
	(214, 11, 0, 22.98, 17, '2025-06-27 21:29:18'),
	(215, 11, 9.1, 22.98, 17, '2025-06-27 21:30:19'),
	(216, 11, 0, 22.98, 17, '2025-06-27 21:31:20'),
	(217, 11, 0, 22.98, 17, '2025-06-27 21:32:21'),
	(218, 11, 0, 22.99, 17, '2025-06-27 21:33:22'),
	(219, 11, 0, 22.99, 17, '2025-06-27 21:34:23'),
	(220, 11, 0, 22.94, 17, '2025-06-27 21:35:23'),
	(221, 11, 0, 23.15, 17, '2025-06-27 21:36:25'),
	(222, 11, 0, 22.94, 17, '2025-06-27 21:37:26'),
	(223, 11, 0, 22.96, 17, '2025-06-27 21:38:27'),
	(224, 11, 0, 22.99, 17, '2025-06-27 21:39:28'),
	(225, 11, 0, 22.99, 17, '2025-06-27 21:40:29'),
	(226, 11, 0, 22.98, 17, '2025-06-27 21:41:30'),
	(227, 11, 0, 23, 17, '2025-06-27 21:42:31'),
	(228, 11, 8.3, 23, 17, '2025-06-27 21:43:31'),
	(229, 11, 0, 23, 17, '2025-06-27 21:44:32'),
	(230, 11, 0, 22.94, 17, '2025-06-27 21:45:33'),
	(231, 11, 0, 23.14, 17, '2025-06-27 21:46:35'),
	(232, 11, 0, 23.14, 17, '2025-06-27 21:47:36'),
	(233, 11, 0, 23.14, 17, '2025-06-27 21:48:37'),
	(234, 11, 0, 23.14, 17, '2025-06-27 21:49:38'),
	(235, 11, 0, 22.94, 17, '2025-06-27 21:50:39'),
	(236, 11, 0, 23.04, 17, '2025-06-27 21:51:40'),
	(237, 11, 0, 23.04, 17, '2025-06-27 21:52:40'),
	(238, 11, 0, 23.04, 17, '2025-06-27 21:53:41'),
	(239, 11, 0, 23.04, 17, '2025-06-27 21:54:42'),
	(240, 11, 0, 23.01, 17, '2025-06-27 21:55:43'),
	(241, 11, 0, 23.01, 17, '2025-06-27 21:56:45'),
	(242, 11, 0, 23.01, 17, '2025-06-27 21:57:46'),
	(243, 11, 0, 22.92, 17, '2025-06-27 21:58:47'),
	(244, 11, 0, 23.14, 17, '2025-06-27 21:59:48'),
	(245, 11, 8.3, 23.14, 17, '2025-06-27 22:00:49'),
	(246, 11, 0, 23, 17, '2025-06-27 22:01:50'),
	(247, 11, 0, 22.95, 17, '2025-06-27 22:02:50'),
	(248, 11, 0, 22.95, 17, '2025-06-27 22:03:51'),
	(249, 11, 0, 22.97, 17, '2025-06-27 22:04:52'),
	(250, 11, 0, 22.97, 17, '2025-06-27 22:05:53'),
	(251, 11, 0, 22.97, 17, '2025-06-27 22:06:54'),
	(252, 11, 0, 22.97, 17, '2025-06-27 22:07:55'),
	(253, 11, 0, 23.15, 17, '2025-06-27 22:08:56'),
	(254, 11, 0, 22.94, 17, '2025-06-27 22:09:57'),
	(255, 11, 0, 22.94, 17, '2025-06-27 22:10:58'),
	(256, 11, 9.1, 22.96, 17, '2025-06-27 22:11:58'),
	(257, 11, 0, 22.96, 17, '2025-06-27 22:13:00'),
	(258, 11, 0, 22.95, 17, '2025-06-27 22:14:01'),
	(259, 11, 0, 22.95, 17, '2025-06-27 22:15:02'),
	(260, 11, 0, 23.05, 17, '2025-06-27 22:16:02'),
	(261, 11, 0, 22.99, 17, '2025-06-27 22:17:04'),
	(262, 11, 0, 22.99, 17, '2025-06-27 22:18:04'),
	(263, 11, 0, 22.99, 17, '2025-06-27 22:19:05'),
	(264, 11, 0, 22.65, 17, '2025-06-27 22:20:06'),
	(265, 11, 0, 23, 17, '2025-06-27 22:21:08'),
	(266, 11, 0, 22.95, 17, '2025-06-27 22:22:08'),
	(267, 11, 0, 22.95, 17, '2025-06-27 22:23:09'),
	(268, 11, 0, 23.13, 17, '2025-06-27 22:24:10'),
	(269, 11, 0, 23.16, 17, '2025-06-27 22:25:11'),
	(270, 11, 0, 23.16, 17, '2025-06-27 22:26:12'),
	(271, 11, 0, 23.03, 17, '2025-06-27 23:35:42'),
	(272, 11, 0, 23.03, 17, '2025-06-27 23:36:43'),
	(273, 11, 0, 23.02, 17, '2025-06-27 23:37:44'),
	(274, 11, 0, 22.98, 17, '2025-06-27 23:38:45'),
	(275, 11, 0, 22.98, 17, '2025-06-27 23:39:46'),
	(276, 11, 0, 22.98, 17, '2025-06-27 23:40:47'),
	(277, 11, 0, 22.98, 17, '2025-06-27 23:41:48'),
	(278, 11, 0, 22.98, 17, '2025-06-27 23:42:48'),
	(279, 11, 10, 22.98, 17, '2025-06-27 23:43:49'),
	(280, 11, 0, 22.96, 17, '2025-06-27 23:44:50'),
	(281, 11, 0, 22.98, 17, '2025-06-27 23:45:51'),
	(282, 11, 0, 22.98, 17, '2025-06-27 23:46:52'),
	(283, 11, 0, 22.98, 17, '2025-06-27 23:47:52'),
	(284, 11, 0, 23.16, 17, '2025-06-27 23:48:53'),
	(285, 11, 0, 23.8, 17, '2025-06-27 23:49:54'),
	(286, 11, 0, 24.08, 17, '2025-06-27 23:50:55'),
	(287, 11, 0, 24.11, 17, '2025-06-27 23:51:56'),
	(288, 11, 0, 24.11, 17, '2025-06-27 23:52:57'),
	(289, 11, 0, 24.1, 17, '2025-06-27 23:53:58'),
	(290, 11, 9.1, 24.1, 17, '2025-06-27 23:54:59'),
	(291, 11, 0, 24.1, 17, '2025-06-27 23:56:01'),
	(292, 11, 0, 23.36, 17, '2025-06-27 23:57:02'),
	(293, 11, 0, 23.36, 17, '2025-06-27 23:58:03'),
	(294, 11, 0, 23.36, 17, '2025-06-27 23:59:04'),
	(295, 11, 0, 23.38, 17, '2025-06-28 00:00:05'),
	(296, 11, 0, 23.38, 17, '2025-06-28 00:01:06'),
	(297, 11, 0, 23.38, 17, '2025-06-28 00:02:07'),
	(298, 11, 0, 23.38, 17, '2025-06-28 00:03:08'),
	(299, 11, 0, 23.38, 17, '2025-06-28 00:04:09'),
	(300, 11, 8.3, 23.38, 17, '2025-06-28 00:05:10'),
	(301, 11, 0, 23.38, 17, '2025-06-28 00:06:11'),
	(302, 11, 0, 23.16, 17, '2025-06-28 00:07:12'),
	(303, 11, 0, 23.01, 17, '2025-06-28 00:08:13'),
	(304, 11, 0, 23.01, 17, '2025-06-28 00:09:14'),
	(305, 11, 0, 23.03, 17, '2025-06-28 00:10:14'),
	(306, 11, 0, 23.04, 17, '2025-06-28 00:11:15'),
	(307, 11, 0, 23.04, 17, '2025-06-28 00:12:16'),
	(308, 11, 0, 23.57, 17, '2025-06-28 00:13:16'),
	(309, 11, 0, 23.77, 17, '2025-06-28 00:14:17'),
	(310, 11, 0, 23.52, 17, '2025-06-28 00:15:18'),
	(311, 11, 0, 23.72, 17, '2025-06-28 00:16:20'),
	(312, 11, 0, 23.75, 17, '2025-06-28 00:17:21'),
	(313, 11, 0, 23.75, 17, '2025-06-28 00:18:21'),
	(314, 11, 0, 22.99, 17, '2025-06-28 00:19:23'),
	(315, 11, 0, 23.01, 17, '2025-06-28 00:20:23'),
	(316, 11, 0, 23.01, 17, '2025-06-28 00:21:24'),
	(317, 11, 0, 22.99, 17, '2025-06-28 00:22:25'),
	(318, 11, 9.1, 22.99, 17, '2025-06-28 00:23:26'),
	(319, 11, 0, 22.99, 17, '2025-06-28 00:24:27'),
	(320, 11, 0, 22.99, 17, '2025-06-28 00:25:28'),
	(321, 11, 0, 22.99, 17, '2025-06-28 00:26:28'),
	(322, 11, 0, 23.03, 17, '2025-06-28 00:27:29'),
	(323, 11, 0, 23.03, 17, '2025-06-28 00:28:30'),
	(324, 11, 0, 23.03, 17, '2025-06-28 00:29:32'),
	(325, 11, 0, 23.03, 17, '2025-06-28 00:30:32'),
	(326, 11, 0, 23.03, 17, '2025-06-28 00:31:33'),
	(327, 11, 0, 23.03, 17, '2025-06-28 00:32:34'),
	(328, 11, 0, 23.03, 17, '2025-06-28 00:33:35'),
	(329, 11, 0, 23.03, 17, '2025-06-28 00:34:36'),
	(330, 11, 0, 23.05, 17, '2025-06-28 00:35:37'),
	(331, 11, 0, 23.05, 17, '2025-06-28 00:36:37'),
	(332, 11, 0, 23.04, 17, '2025-06-28 00:37:38'),
	(333, 11, 0, 23.04, 17, '2025-06-28 00:38:39'),
	(334, 11, 0, 23.04, 17, '2025-06-28 00:39:40'),
	(335, 11, 9.1, 23.04, 17, '2025-06-28 00:40:41'),
	(336, 11, 0, 23.04, 17, '2025-06-28 00:41:41'),
	(337, 11, 0, 23.04, 17, '2025-06-28 00:42:42'),
	(338, 11, 0, 23.04, 17, '2025-06-28 00:43:43'),
	(339, 11, 0, 23.04, 17, '2025-06-28 00:44:44'),
	(340, 11, 0, 23.04, 17, '2025-06-28 00:45:45'),
	(341, 11, 0, 23.04, 17, '2025-06-28 00:46:46'),
	(342, 11, 0, 23.04, 17, '2025-06-28 00:47:46'),
	(343, 11, 0, 22.66, 17, '2025-06-28 00:48:47'),
	(344, 11, 0, 22.96, 17, '2025-06-28 00:49:48'),
	(345, 11, 0, 22.99, 17, '2025-06-28 00:50:49'),
	(346, 11, 0, 22.68, 17, '2025-06-28 00:51:50'),
	(347, 11, 0, 22.96, 17, '2025-06-28 00:52:51'),
	(348, 11, 0, 22.96, 17, '2025-06-28 00:53:52'),
	(349, 11, 0, 22.96, 17, '2025-06-28 00:54:53'),
	(350, 11, 0, 22.96, 17, '2025-06-28 00:55:53'),
	(351, 11, 0, 22.96, 17, '2025-06-28 00:56:54'),
	(352, 11, 0, 22.96, 17, '2025-06-28 00:57:55'),
	(353, 11, 0, 23.19, 17, '2025-06-28 00:58:56'),
	(354, 11, 0, 23.19, 17, '2025-06-28 00:59:57'),
	(355, 11, 0, 23.22, 17, '2025-06-28 01:00:59'),
	(356, 11, 0, 23.22, 17, '2025-06-28 01:01:59'),
	(357, 11, 0, 23.21, 17, '2025-06-28 01:03:00'),
	(358, 11, 0, 23.17, 17, '2025-06-28 01:04:02'),
	(359, 11, 0, 23.7, 17, '2025-06-28 01:05:03'),
	(360, 11, 0, 23.73, 17, '2025-06-28 01:07:05'),
	(361, 11, 0, 23.72, 17, '2025-06-28 01:08:06'),
	(362, 11, 0, 23.12, 17, '2025-06-28 01:09:07'),
	(363, 11, 0, 23.11, 17, '2025-06-28 01:10:08'),
	(364, 11, 0, 23.17, 17, '2025-06-28 01:11:08'),
	(365, 11, 0, 23.14, 17, '2025-06-28 01:12:09'),
	(366, 11, 0, 22.87, 17, '2025-06-28 01:13:10'),
	(367, 11, 0, 23.19, 17, '2025-06-28 01:14:11'),
	(368, 11, 18.2, 23.17, 17, '2025-06-28 01:15:12'),
	(369, 11, 0, 23.37, 17, '2025-06-28 01:16:13'),
	(370, 11, 0, 23.2, 17, '2025-06-28 01:17:14'),
	(371, 11, 0, 23.2, 17, '2025-06-28 01:18:15'),
	(372, 11, 0, 23.17, 17, '2025-06-28 01:19:16'),
	(373, 11, 90.9, 22.87, 17, '2025-06-28 01:21:18'),
	(374, 11, 9.1, 23.35, 17, '2025-06-28 01:22:19'),
	(375, 11, 0, 23.02, 17, '2025-06-28 01:23:19'),
	(376, 11, 0, 23.1, 17, '2025-06-28 01:24:20'),
	(377, 11, 0, 23.14, 17, '2025-06-28 01:26:22'),
	(378, 11, 9.1, 23.17, 17, '2025-06-28 01:28:24'),
	(379, 11, 0, 23.16, 17, '2025-06-28 01:29:25'),
	(380, 11, 8.3, 23.32, 17, '2025-06-28 01:30:26'),
	(381, 11, 0, 23.17, 17, '2025-06-28 01:31:26'),
	(382, 11, 0, 23.17, 17, '2025-06-28 01:32:27'),
	(383, 11, 0, 23.17, 17, '2025-06-28 01:33:28'),
	(384, 11, 0, 23.2, 17, '2025-06-28 01:34:29'),
	(385, 11, 0, 23.2, 17, '2025-06-28 01:35:30'),
	(386, 11, 0, 23.35, 17, '2025-06-28 01:36:31'),
	(387, 11, 9.1, 23.33, 17, '2025-06-28 01:37:32'),
	(388, 11, 0, 23.4, 17, '2025-06-28 01:40:35'),
	(389, 11, 0, 23.16, 17, '2025-06-28 01:41:35'),
	(390, 11, 0, 23.17, 17, '2025-06-28 01:42:36'),
	(391, 11, 0, 23.2, 17, '2025-06-28 01:43:37'),
	(392, 11, 0, 23.35, 17, '2025-06-28 01:44:38'),
	(393, 11, 0, 23.35, 17, '2025-06-28 01:45:38'),
	(394, 11, 0, 23.32, 17, '2025-06-28 01:46:39'),
	(395, 11, 0, 23.34, 17, '2025-06-28 01:47:41'),
	(396, 11, 0, 23.34, 17, '2025-06-28 01:48:41'),
	(397, 11, 0, 23.33, 17, '2025-06-28 01:49:42'),
	(398, 11, 0, 23.18, 17, '2025-06-28 01:50:43'),
	(399, 11, 0, 23.19, 17, '2025-06-28 01:51:44'),
	(400, 11, 9.1, 22.97, 17, '2025-06-28 01:52:45'),
	(401, 11, 0, 23.04, 17, '2025-06-28 01:53:46'),
	(402, 11, 0, 23.18, 17, '2025-06-28 01:54:47'),
	(403, 11, 0, 23.22, 17, '2025-06-28 01:55:48'),
	(404, 11, 0, 23.21, 17, '2025-06-28 01:56:48'),
	(405, 11, 0, 23.7, 17, '2025-06-28 01:57:49'),
	(406, 11, 0, 23.79, 17, '2025-06-28 01:58:50'),
	(407, 11, 0, 23.79, 17, '2025-06-28 01:59:51'),
	(408, 11, 0, 23.74, 17, '2025-06-28 02:00:52'),
	(409, 11, 9.1, 23.84, 17, '2025-06-28 02:01:52'),
	(410, 11, 0, 23.09, 17, '2025-06-28 02:02:53'),
	(411, 11, 0, 23.14, 17, '2025-06-28 02:03:54'),
	(412, 11, 0, 23.17, 17, '2025-06-28 02:04:55'),
	(413, 11, 0, 23.17, 17, '2025-06-28 02:05:55'),
	(414, 11, 0, 23.16, 17, '2025-06-28 02:06:56'),
	(415, 11, 0, 23.16, 17, '2025-06-28 02:07:57'),
	(416, 11, 0, 23.16, 17, '2025-06-28 02:08:58'),
	(417, 11, 0, 23.16, 17, '2025-06-28 02:10:00'),
	(418, 11, 0, 23.16, 17, '2025-06-28 02:11:01'),
	(419, 11, 0, 23.16, 17, '2025-06-28 02:12:01'),
	(420, 11, 0, 23.16, 17, '2025-06-28 02:13:03'),
	(421, 11, 0, 23.16, 17, '2025-06-28 02:14:03'),
	(422, 11, 0, 23.16, 17, '2025-06-28 02:15:04'),
	(423, 11, 0, 23.16, 17, '2025-06-28 02:16:05'),
	(424, 11, 0, 23.16, 17, '2025-06-28 02:17:06'),
	(425, 11, 0, 23.16, 17, '2025-06-28 02:18:07'),
	(426, 11, 0, 23.18, 17, '2025-06-28 02:19:08'),
	(427, 11, 0, 23, 17, '2025-06-28 02:20:09'),
	(428, 11, 0, 23, 17, '2025-06-28 02:21:09'),
	(429, 11, 0, 23.03, 17, '2025-06-28 02:22:10'),
	(430, 11, 0, 23.03, 17, '2025-06-28 02:23:11'),
	(431, 11, 0, 23.03, 17, '2025-06-28 02:24:12'),
	(432, 11, 0, 23.03, 17, '2025-06-28 02:25:13'),
	(433, 11, 0, 23.03, 17, '2025-06-28 02:26:14'),
	(434, 11, 0, 23.03, 17, '2025-06-28 02:27:15'),
	(435, 11, 0, 23.03, 17, '2025-06-28 02:28:16'),
	(436, 11, 0, 23.03, 17, '2025-06-28 02:29:16'),
	(437, 11, 0, 23.03, 17, '2025-06-28 02:30:17'),
	(438, 11, 0, 23.03, 17, '2025-06-28 02:31:18'),
	(439, 11, 0, 23.03, 17, '2025-06-28 02:32:19'),
	(440, 11, 0, 23.03, 17, '2025-06-28 02:33:19'),
	(441, 11, 0, 23.03, 17, '2025-06-28 02:34:20'),
	(442, 11, 0, 23, 17, '2025-06-28 02:35:21'),
	(443, 11, 0, 23, 17, '2025-06-28 02:36:22'),
	(444, 11, 0, 23, 17, '2025-06-28 02:37:23'),
	(445, 11, 0, 23, 17, '2025-06-28 02:38:23'),
	(446, 11, 0, 23, 17, '2025-06-28 02:39:24'),
	(447, 11, 0, 23, 17, '2025-06-28 02:40:25'),
	(448, 11, 0, 23, 17, '2025-06-28 02:41:26'),
	(449, 11, 0, 23, 17, '2025-06-28 02:42:26'),
	(450, 11, 0, 22.98, 17, '2025-06-28 02:43:27'),
	(451, 11, 0, 23, 17, '2025-06-28 02:44:28'),
	(452, 11, 0, 23, 17, '2025-06-28 02:45:28'),
	(453, 11, 0, 23.69, 17, '2025-06-28 02:46:29'),
	(454, 11, 0, 23.69, 17, '2025-06-28 02:47:30'),
	(455, 11, 0, 23.24, 17, '2025-06-28 02:48:31'),
	(456, 11, 0, 23.54, 17, '2025-06-28 02:49:32'),
	(457, 11, 0, 23.54, 17, '2025-06-28 02:50:32'),
	(458, 11, 0, 23.54, 17, '2025-06-28 02:51:33'),
	(459, 11, 0, 23.54, 17, '2025-06-28 02:52:34'),
	(460, 11, 8.3, 23.54, 17, '2025-06-28 02:53:35'),
	(461, 11, 0, 23.54, 17, '2025-06-28 02:54:36'),
	(462, 11, 0, 23.54, 17, '2025-06-28 02:55:37'),
	(463, 11, 0, 23.54, 17, '2025-06-28 02:56:38'),
	(464, 11, 0, 23.54, 17, '2025-06-28 02:57:39'),
	(465, 11, 0, 23.54, 17, '2025-06-28 02:58:39'),
	(466, 11, 0, 23.54, 17, '2025-06-28 02:59:40'),
	(467, 11, 0, 23.54, 17, '2025-06-28 03:00:41'),
	(468, 11, 8.3, 23.54, 17, '2025-06-28 03:01:42'),
	(469, 11, 0, 23, 17, '2025-06-28 03:02:43'),
	(470, 11, 9.1, 23, 17, '2025-06-28 03:03:43'),
	(471, 11, 0, 23.03, 17, '2025-06-28 03:04:44'),
	(472, 11, 0, 23.03, 17, '2025-06-28 03:05:45'),
	(473, 11, 0, 22.99, 17, '2025-06-28 03:06:46'),
	(474, 11, 0, 22.99, 17, '2025-06-28 03:07:47'),
	(475, 11, 0, 22.99, 17, '2025-06-28 03:08:48'),
	(476, 11, 0, 22.98, 17, '2025-06-28 03:09:48'),
	(477, 11, 0, 22.98, 17, '2025-06-28 03:10:49'),
	(478, 11, 0, 23.03, 17, '2025-06-28 03:11:50'),
	(479, 11, 0, 23.21, 17, '2025-06-28 03:12:51'),
	(480, 11, 0, 23.19, 17, '2025-06-28 03:13:52'),
	(481, 11, 0, 23.19, 17, '2025-06-28 03:14:52'),
	(482, 11, 0, 22.7, 17, '2025-06-28 03:15:53'),
	(483, 11, 0, 23.06, 17, '2025-06-28 03:16:54'),
	(484, 11, 0, 23.05, 17, '2025-06-28 03:17:55'),
	(485, 11, 0, 23.05, 17, '2025-06-28 03:18:55'),
	(486, 11, 0, 23.05, 17, '2025-06-28 03:19:56'),
	(487, 11, 0, 23.05, 17, '2025-06-28 03:20:57'),
	(488, 11, 0, 23.05, 17, '2025-06-28 03:21:58'),
	(489, 11, 0, 23.05, 17, '2025-06-28 03:22:59'),
	(490, 11, 0, 23.23, 17, '2025-06-28 03:24:00'),
	(491, 11, 0, 23.23, 17, '2025-06-28 03:25:01'),
	(492, 11, 0, 23.04, 17, '2025-06-28 03:26:02'),
	(493, 11, 0, 23.01, 17, '2025-06-28 03:27:03'),
	(494, 11, 0, 23.01, 17, '2025-06-28 03:28:03'),
	(495, 11, 0, 23, 17, '2025-06-28 03:29:05'),
	(496, 11, 0, 23, 17, '2025-06-28 03:30:05'),
	(497, 11, 0, 23, 17, '2025-06-28 03:31:07'),
	(498, 11, 0, 23, 17, '2025-06-28 03:32:07'),
	(499, 11, 0, 23, 17, '2025-06-28 03:33:08'),
	(500, 11, 0, 23, 17, '2025-06-28 03:34:09'),
	(501, 11, 0, 23, 17, '2025-06-28 03:35:10'),
	(502, 11, 0, 23.02, 17, '2025-06-28 03:36:10'),
	(503, 11, 0, 23.04, 17, '2025-06-28 03:37:12'),
	(504, 11, 0, 23.04, 17, '2025-06-28 03:38:13'),
	(505, 11, 0, 23.04, 17, '2025-06-28 03:39:14'),
	(506, 11, 0, 23.34, 17, '2025-06-28 03:40:14'),
	(507, 11, 0, 23.31, 17, '2025-06-28 03:41:16'),
	(508, 11, 0, 23.41, 17, '2025-06-28 03:42:16'),
	(509, 11, 0, 23.57, 17, '2025-06-28 03:43:17'),
	(510, 11, 9.1, 23.62, 17, '2025-06-28 03:44:18'),
	(511, 11, 0, 23.36, 17, '2025-06-28 03:45:19'),
	(512, 11, 0, 23.36, 17, '2025-06-28 03:46:21'),
	(513, 11, 0, 23.46, 17, '2025-06-28 03:47:21'),
	(514, 11, 0, 23.14, 17, '2025-06-28 03:48:22'),
	(515, 11, 0, 23.19, 17, '2025-06-28 03:49:23'),
	(516, 11, 0, 23.44, 17, '2025-06-28 03:50:25'),
	(517, 11, 0, 23.66, 17, '2025-06-28 03:51:25'),
	(518, 11, 0, 23.43, 17, '2025-06-28 03:52:26'),
	(519, 11, 0, 23.19, 17, '2025-06-28 03:53:27'),
	(520, 11, 0, 23.78, 17, '2025-06-28 03:54:28'),
	(521, 11, 8.3, 23.69, 17, '2025-06-28 03:55:29'),
	(522, 11, 0, 23.58, 17, '2025-06-28 03:56:29'),
	(523, 11, 8.3, 23.67, 17, '2025-06-28 03:57:30'),
	(524, 11, 0, 23.26, 17, '2025-06-28 03:58:31'),
	(525, 11, 9.1, 23.07, 17, '2025-06-28 03:59:32'),
	(526, 11, 0, 23.06, 17, '2025-06-28 04:00:33'),
	(527, 11, 0, 23.06, 17, '2025-06-28 04:01:33'),
	(528, 11, 0, 23.44, 17, '2025-06-28 04:02:34'),
	(529, 11, 0, 23.44, 17, '2025-06-28 04:03:35'),
	(530, 11, 0, 22.67, 17, '2025-06-28 04:04:36'),
	(531, 11, 0, 23.72, 17, '2025-06-28 04:05:37'),
	(532, 11, 9.1, 22.99, 17, '2025-06-28 04:06:38'),
	(533, 11, 0, 23.01, 17, '2025-06-28 04:07:38'),
	(534, 11, 91.7, 23.19, 17, '2025-06-28 04:08:40'),
	(535, 11, 0, 23.09, 17, '2025-06-28 04:09:41'),
	(536, 11, 0, 23.09, 17, '2025-06-28 04:10:42'),
	(537, 11, 0, 22.99, 17, '2025-06-28 04:11:43'),
	(538, 11, 0, 23.04, 17, '2025-06-28 04:12:44'),
	(539, 11, 0, 23.04, 17, '2025-06-28 04:13:45'),
	(540, 11, 0, 23.06, 17, '2025-06-28 04:14:45'),
	(541, 11, 0, 22.72, 17, '2025-06-28 04:15:46'),
	(542, 11, 0, 22.98, 17, '2025-06-28 04:16:47'),
	(543, 11, 0, 23.17, 17, '2025-06-28 04:17:48'),
	(544, 11, 0, 23.08, 17, '2025-06-28 04:18:48'),
	(545, 11, 0, 23.8, 17, '2025-06-28 04:19:49'),
	(546, 11, 9.1, 23.8, 17, '2025-06-28 04:20:50'),
	(547, 11, 0, 23.79, 17, '2025-06-28 04:21:50'),
	(548, 11, 0, 23.12, 17, '2025-06-28 04:22:51'),
	(549, 11, 0, 22.62, 17, '2025-06-28 04:23:52'),
	(550, 11, 0, 22.95, 17, '2025-06-28 04:24:53'),
	(551, 11, 0, 22.95, 17, '2025-06-28 04:25:54'),
	(552, 11, 0, 22.46, 17, '2025-06-28 04:26:55'),
	(553, 11, 0, 22.34, 17, '2025-06-28 04:27:56'),
	(554, 11, 0, 22.09, 17, '2025-06-28 04:28:57'),
	(555, 11, 0, 22.4, 17, '2025-06-28 04:29:58'),
	(556, 11, 0, 22.75, 17, '2025-06-28 04:30:58'),
	(557, 11, 0, 22.75, 17, '2025-06-28 04:32:00'),
	(558, 11, 10, 22.72, 17, '2025-06-28 04:33:00'),
	(559, 11, 0, 22.58, 17, '2025-06-28 04:34:01'),
	(560, 11, 0, 22.37, 17, '2025-06-28 04:35:02'),
	(561, 11, 0, 22.42, 17, '2025-06-28 04:36:03'),
	(562, 11, 0, 22.42, 17, '2025-06-28 04:37:04'),
	(563, 11, 9.1, 22.42, 17, '2025-06-28 04:38:05'),
	(564, 11, 0, 22.35, 17, '2025-06-28 04:39:06'),
	(565, 11, 0, 22.36, 17, '2025-06-28 04:40:07'),
	(566, 11, 0, 22.38, 17, '2025-06-28 04:41:08'),
	(567, 11, 0, 22.47, 17, '2025-06-28 04:42:08'),
	(568, 11, 0, 22.8, 17, '2025-06-28 04:43:09'),
	(569, 11, 0, 22.4, 17, '2025-06-28 04:44:10'),
	(570, 11, 0, 22.45, 17, '2025-06-28 04:45:11'),
	(571, 11, 0, 22.54, 17, '2025-06-28 04:46:12'),
	(572, 11, 0, 22.37, 17, '2025-06-28 04:47:13'),
	(573, 11, 0, 22.44, 17, '2025-06-28 04:48:14'),
	(574, 11, 0, 22.44, 17, '2025-06-28 04:49:16'),
	(575, 11, 9.1, 22.62, 17, '2025-06-28 04:50:17'),
	(576, 11, 9.1, 22.54, 17, '2025-06-28 04:51:18'),
	(577, 11, 0, 22.74, 17, '2025-06-28 04:52:18'),
	(578, 11, 0, 22.79, 17, '2025-06-28 04:53:19'),
	(579, 11, 0, 22.37, 17, '2025-06-28 04:54:20'),
	(580, 11, 0, 22.75, 17, '2025-06-28 04:55:21'),
	(581, 11, 0, 22.35, 17, '2025-06-28 04:56:22'),
	(582, 11, 0, 22.08, 17, '2025-06-28 04:57:23'),
	(583, 11, 0, 22.59, 17, '2025-06-28 04:58:24'),
	(584, 11, 0, 22.59, 17, '2025-06-28 04:59:25'),
	(585, 11, 0, 22.35, 17, '2025-06-28 05:00:26'),
	(586, 11, 0, 22.09, 17, '2025-06-28 05:01:27'),
	(587, 11, 0, 22.55, 17, '2025-06-28 05:02:27'),
	(588, 11, 0, 22.61, 17, '2025-06-28 05:03:28'),
	(589, 11, 0, 22.61, 17, '2025-06-28 05:04:29'),
	(590, 11, 0, 22.39, 17, '2025-06-28 05:05:30'),
	(591, 11, 0, 22.41, 17, '2025-06-28 05:06:31'),
	(592, 11, 0, 22.42, 17, '2025-06-28 05:07:32'),
	(593, 11, 0, 22.62, 17, '2025-06-28 05:08:32'),
	(594, 11, 0, 22.41, 17, '2025-06-28 05:09:33'),
	(595, 11, 0, 22.44, 17, '2025-06-28 05:10:34'),
	(596, 11, 0, 22.44, 17, '2025-06-28 05:11:35'),
	(597, 11, 0, 22.64, 17, '2025-06-28 05:12:36'),
	(598, 11, 0, 22.37, 17, '2025-06-28 05:13:37'),
	(599, 11, 0, 22.09, 17, '2025-06-28 05:14:38'),
	(600, 11, 0, 22.39, 17, '2025-06-28 05:15:39'),
	(601, 11, 0, 22.72, 17, '2025-06-28 05:16:40'),
	(602, 11, 9.1, 22.75, 17, '2025-06-28 05:17:41'),
	(603, 11, 8.3, 22.78, 17, '2025-06-28 05:18:41'),
	(604, 11, 0, 22.41, 17, '2025-06-28 05:19:42'),
	(605, 11, 0, 22.41, 17, '2025-06-28 05:20:43'),
	(606, 11, 0, 22.38, 17, '2025-06-28 05:21:45'),
	(607, 11, 0, 22.37, 17, '2025-06-28 05:22:46'),
	(608, 11, 0, 22.47, 17, '2025-06-28 05:23:46'),
	(609, 11, 0, 22.42, 17, '2025-06-28 05:24:48'),
	(610, 11, 0, 22.42, 17, '2025-06-28 05:25:49'),
	(611, 11, 0, 22.42, 17, '2025-06-28 05:26:50'),
	(612, 11, 9.1, 22.42, 17, '2025-06-28 05:27:51'),
	(613, 11, 0, 22.42, 17, '2025-06-28 05:28:52'),
	(614, 11, 0, 22.42, 17, '2025-06-28 05:29:53'),
	(615, 11, 0, 22.41, 17, '2025-06-28 05:30:54'),
	(616, 11, 0, 22.37, 17, '2025-06-28 05:31:55'),
	(617, 11, 0, 22.42, 17, '2025-06-28 05:32:56'),
	(618, 11, 0, 22.42, 17, '2025-06-28 05:33:57'),
	(619, 11, 0, 22.07, 17, '2025-06-28 05:34:58'),
	(620, 11, 0, 22.41, 17, '2025-06-28 05:35:59'),
	(621, 11, 0, 22.37, 17, '2025-06-28 05:37:00'),
	(622, 11, 0, 22.45, 17, '2025-06-28 05:38:00'),
	(623, 11, 0, 22.45, 17, '2025-06-28 05:39:01'),
	(624, 11, 0, 22.44, 17, '2025-06-28 05:40:02'),
	(625, 11, 0, 22.42, 17, '2025-06-28 05:41:03'),
	(626, 11, 0, 22.42, 17, '2025-06-28 05:42:04'),
	(627, 11, 0, 22.55, 17, '2025-06-28 05:43:05'),
	(628, 11, 0, 22.59, 17, '2025-06-28 05:44:06'),
	(629, 11, 0, 22.41, 17, '2025-06-28 05:45:06'),
	(630, 11, 0, 22.41, 17, '2025-06-28 05:46:07'),
	(631, 11, 0, 22.44, 17, '2025-06-28 05:47:08'),
	(632, 11, 0, 22.45, 17, '2025-06-28 05:48:09'),
	(633, 11, 0, 22.46, 17, '2025-06-28 05:49:10'),
	(634, 11, 0, 23.25, 17, '2025-06-28 05:50:11'),
	(635, 11, 90.9, 23.32, 17, '2025-06-28 05:51:12'),
	(636, 11, 0, 23.11, 17, '2025-06-28 05:52:13'),
	(637, 11, 0, 23.11, 17, '2025-06-28 05:53:14'),
	(638, 11, 0, 22.81, 17, '2025-06-28 05:54:14'),
	(639, 11, 0, 22.57, 17, '2025-06-28 05:55:15'),
	(640, 11, 9.1, 22.44, 17, '2025-06-28 05:56:16'),
	(641, 11, 0, 22.64, 17, '2025-06-28 05:57:17'),
	(642, 11, 0, 23.06, 17, '2025-06-28 05:58:18'),
	(643, 11, 0, 22.39, 17, '2025-06-28 05:59:19'),
	(644, 11, 0, 22.42, 17, '2025-06-28 06:00:19'),
	(645, 11, 0, 22.07, 17, '2025-06-28 06:01:20'),
	(646, 11, 0, 22.4, 17, '2025-06-28 06:02:21'),
	(647, 11, 0, 22.61, 17, '2025-06-28 06:03:23'),
	(648, 11, 0, 22.56, 17, '2025-06-28 06:04:23'),
	(649, 11, 9.1, 22.58, 17, '2025-06-28 06:05:24'),
	(650, 11, 0, 22.55, 17, '2025-06-28 06:06:25'),
	(651, 11, 0, 22.55, 17, '2025-06-28 06:07:25'),
	(652, 11, 0, 22.76, 17, '2025-06-28 06:08:26'),
	(653, 11, 0, 22.78, 17, '2025-06-28 06:09:27'),
	(654, 11, 0, 22.65, 17, '2025-06-28 06:10:28'),
	(655, 11, 0, 22.42, 17, '2025-06-28 06:11:29'),
	(656, 11, 0, 22.58, 17, '2025-06-28 06:12:29'),
	(657, 11, 0, 22.48, 17, '2025-06-28 06:13:30'),
	(658, 11, 0, 22.38, 17, '2025-06-28 06:14:31'),
	(659, 11, 0, 22.42, 17, '2025-06-28 06:15:31'),
	(660, 11, 0, 22.62, 17, '2025-06-28 06:16:32'),
	(661, 11, 0, 22.62, 17, '2025-06-28 06:17:33'),
	(662, 11, 9.1, 22.62, 17, '2025-06-28 06:18:34'),
	(663, 11, 0, 22.65, 17, '2025-06-28 06:19:35'),
	(664, 11, 0, 22.43, 17, '2025-06-28 06:20:36'),
	(665, 11, 0, 22.43, 17, '2025-06-28 06:21:38'),
	(666, 11, 0, 22.43, 17, '2025-06-28 06:22:39'),
	(667, 11, 0, 22.56, 17, '2025-06-28 06:23:40'),
	(668, 11, 0, 22.63, 17, '2025-06-28 06:24:41'),
	(669, 11, 0, 22.36, 17, '2025-06-28 06:25:41'),
	(670, 11, 0, 22.58, 17, '2025-06-28 06:26:42'),
	(671, 11, 0, 22.43, 17, '2025-06-28 06:27:43'),
	(672, 11, 0, 22.42, 17, '2025-06-28 06:28:44'),
	(673, 11, 0, 22.44, 17, '2025-06-28 06:29:44'),
	(674, 11, 0, 22.43, 17, '2025-06-28 06:30:46'),
	(675, 11, 9.1, 22.61, 17, '2025-06-28 06:31:47'),
	(676, 11, 0, 22.6, 17, '2025-06-28 06:32:48'),
	(677, 11, 0, 22.7, 17, '2025-06-28 06:33:49'),
	(678, 11, 0, 22.57, 17, '2025-06-28 06:34:50'),
	(679, 11, 0, 22.43, 17, '2025-06-28 06:35:51'),
	(680, 11, 0, 22.44, 17, '2025-06-28 06:36:52'),
	(681, 11, 0, 22.6, 17, '2025-06-28 06:37:53'),
	(682, 11, 0, 22.6, 17, '2025-06-28 06:38:53'),
	(683, 11, 0, 22.6, 17, '2025-06-28 06:39:55'),
	(684, 11, 0, 22.63, 17, '2025-06-28 06:40:55'),
	(685, 11, 0, 22.66, 17, '2025-06-28 06:41:57'),
	(686, 11, 0, 22.94, 17, '2025-06-28 06:42:58'),
	(687, 11, 0, 22.63, 17, '2025-06-28 06:43:59'),
	(688, 11, 0, 23.01, 17, '2025-06-28 06:45:00'),
	(689, 11, 0, 23.13, 17, '2025-06-28 06:46:00'),
	(690, 11, 0, 23.13, 17, '2025-06-28 06:47:01'),
	(691, 11, 0, 22.61, 17, '2025-06-28 06:48:02'),
	(692, 11, 0, 22.59, 17, '2025-06-28 06:49:03'),
	(693, 11, 0, 22.72, 17, '2025-06-28 06:50:04'),
	(694, 11, 0, 22.72, 17, '2025-06-28 06:51:05'),
	(695, 11, 0, 22.73, 17, '2025-06-28 06:52:05'),
	(696, 11, 0, 22.92, 17, '2025-06-28 06:53:06'),
	(697, 11, 0, 22.73, 17, '2025-06-28 06:54:07'),
	(698, 11, 9.1, 22.36, 17, '2025-06-28 06:55:08'),
	(699, 11, 9.1, 22.45, 17, '2025-06-28 06:56:09'),
	(700, 11, 0, 22.81, 17, '2025-06-28 06:57:10'),
	(701, 11, 8.3, 22.88, 17, '2025-06-28 06:58:12'),
	(702, 11, 90.9, 22.83, 17, '2025-06-28 06:59:13'),
	(703, 11, 0, 22.9, 17, '2025-06-28 07:00:14'),
	(704, 11, 9.1, 22.78, 17, '2025-06-28 07:01:15'),
	(705, 11, 80, 22.63, 17, '2025-06-28 07:03:17'),
	(706, 11, 9.1, 22.81, 17, '2025-06-28 07:04:18'),
	(707, 11, 0, 22.56, 17, '2025-06-28 07:05:19'),
	(708, 11, 8.3, 22.73, 17, '2025-06-28 07:06:20'),
	(709, 11, 0, 22.6, 17, '2025-06-28 07:07:21'),
	(710, 11, 0, 22.58, 17, '2025-06-28 07:08:22'),
	(711, 11, 0, 22.78, 17, '2025-06-28 07:09:22'),
	(712, 11, 0, 22.58, 17, '2025-06-28 07:10:24'),
	(713, 11, 0, 22.45, 17, '2025-06-28 07:11:25'),
	(714, 11, 0, 22.46, 17, '2025-06-28 07:12:26'),
	(715, 11, 0, 22.43, 17, '2025-06-28 07:13:26'),
	(716, 11, 0, 22.66, 17, '2025-06-28 07:14:27'),
	(717, 11, 0, 22.73, 17, '2025-06-28 07:15:28'),
	(718, 11, 0, 22.11, 17, '2025-06-28 07:16:29'),
	(719, 11, 0, 22.43, 17, '2025-06-28 07:17:30'),
	(720, 11, 0, 22.38, 17, '2025-06-28 07:18:31'),
	(721, 11, 0, 22.57, 17, '2025-06-28 07:19:32'),
	(722, 11, 0, 22.57, 17, '2025-06-28 07:20:33'),
	(723, 11, 0, 22.44, 17, '2025-06-28 07:21:34'),
	(724, 11, 0, 22.28, 17, '2025-06-28 07:22:35'),
	(725, 11, 0, 22.79, 17, '2025-06-28 07:23:36'),
	(726, 11, 0, 22.84, 17, '2025-06-28 07:24:37'),
	(727, 11, 0, 22.63, 17, '2025-06-28 07:25:38'),
	(728, 11, 0, 22.43, 17, '2025-06-28 07:26:39'),
	(729, 11, 0, 22.58, 17, '2025-06-28 07:27:40'),
	(730, 11, 0, 22.26, 17, '2025-06-28 07:29:42'),
	(731, 11, 0, 22.62, 17, '2025-06-28 07:30:43'),
	(732, 11, 0, 22.64, 17, '2025-06-28 07:31:44'),
	(733, 11, 0, 22.42, 17, '2025-06-28 07:32:45'),
	(734, 11, 0, 22.55, 17, '2025-06-28 07:33:46'),
	(735, 11, 0, 23.38, 17, '2025-06-28 07:34:47'),
	(736, 11, 0, 22.9, 17, '2025-06-28 07:35:48'),
	(737, 11, 0, 22.98, 17, '2025-06-28 07:36:49'),
	(738, 11, 0, 23.16, 17, '2025-06-28 07:37:50'),
	(739, 11, 0, 23.26, 17, '2025-06-28 07:38:51'),
	(740, 11, 0, 22.93, 17, '2025-06-28 07:39:52'),
	(741, 11, 0, 23.02, 17, '2025-06-28 07:40:53'),
	(742, 11, 0, 22.98, 17, '2025-06-28 07:41:54'),
	(743, 11, 9.1, 22.88, 17, '2025-06-28 07:42:55'),
	(744, 11, 0, 23.25, 17, '2025-06-28 07:43:56'),
	(745, 11, 0, 22.77, 17, '2025-06-28 07:44:57'),
	(746, 11, 30, 22.97, 17, '2025-06-28 07:45:58'),
	(747, 11, 0, 22.75, 17, '2025-06-28 07:46:59'),
	(748, 11, 0, 22.92, 17, '2025-06-28 07:48:00'),
	(749, 11, 0, 23.04, 17, '2025-06-28 07:49:01'),
	(750, 11, 0, 23.09, 17, '2025-06-28 07:50:02'),
	(751, 11, 0, 22.83, 17, '2025-06-28 07:51:03'),
	(752, 11, 0, 22.85, 17, '2025-06-28 07:52:04'),
	(753, 11, 9.1, 22.76, 17, '2025-06-28 07:53:05'),
	(754, 11, 81.8, 22.71, 17, '2025-06-28 07:54:07'),
	(755, 11, 0, 22.82, 17, '2025-06-28 07:55:08'),
	(756, 11, 0, 22.8, 17, '2025-06-28 07:56:09'),
	(757, 11, 0, 22.82, 17, '2025-06-28 07:57:10'),
	(758, 11, 0, 22.66, 17, '2025-06-28 07:58:11'),
	(759, 11, 0, 22.68, 17, '2025-06-28 07:59:12'),
	(760, 11, 0, 22.75, 17, '2025-06-28 08:01:14'),
	(761, 11, 0, 22.65, 17, '2025-06-28 08:02:15'),
	(762, 11, 9.1, 22.56, 17, '2025-06-28 08:03:16'),
	(763, 11, 0, 22.51, 17, '2025-06-28 08:04:17'),
	(764, 11, 0, 22.64, 17, '2025-06-28 08:05:18'),
	(765, 11, 0, 22.5, 17, '2025-06-28 08:06:19'),
	(766, 11, 0, 22.68, 17, '2025-06-28 08:19:24'),
	(767, 11, 0, 22.61, 17, '2025-06-28 08:20:25'),
	(768, 11, 0, 22.6, 17, '2025-06-28 08:21:26'),
	(769, 11, 0, 22.75, 17, '2025-06-28 08:22:27'),
	(770, 11, 0, 22.61, 17, '2025-06-28 08:23:28'),
	(771, 11, 9.1, 22.66, 17, '2025-06-28 08:24:29'),
	(772, 11, 9.1, 22.66, 17, '2025-06-28 08:25:31'),
	(773, 11, 0, 22.79, 17, '2025-06-28 08:26:32'),
	(774, 11, 0, 22.69, 17, '2025-06-28 08:27:33'),
	(775, 11, 0, 22.75, 17, '2025-06-28 08:28:35'),
	(776, 11, 0, 22.51, 17, '2025-06-28 08:29:44'),
	(777, 11, 0, 22.55, 17, '2025-06-28 08:30:46'),
	(778, 11, 0, 22.64, 17, '2025-06-28 08:31:47'),
	(779, 11, 0, 22.55, 17, '2025-06-28 08:32:48'),
	(780, 11, 0, 22.47, 17, '2025-06-28 08:33:49'),
	(781, 11, 0, 22.65, 17, '2025-06-28 08:34:51'),
	(782, 11, 0, 25.11, 17, '2025-06-28 15:49:52'),
	(783, 11, 0, 23.65, 17, '2025-06-28 15:50:16'),
	(784, 11, 0, 22.69, 17, '2025-06-28 15:50:31'),
	(785, 11, 80, 25.59, 17, '2025-06-28 15:52:59'),
	(786, 11, 0, 25.61, 17, '2025-06-28 15:53:03'),
	(787, 11, 0, 23.39, 17, '2025-06-28 15:53:07'),
	(788, 11, 0, 22.73, 17, '2025-06-28 15:53:12'),
	(789, 11, 0, 23.02, 17, '2025-06-28 15:53:16'),
	(790, 11, 0, 23.02, 17, '2025-06-28 15:53:20'),
	(791, 11, 0, 22.95, 17, '2025-06-28 15:53:25'),
	(792, 11, 0, 22.95, 17, '2025-06-28 15:53:29'),
	(793, 11, 0, 22.98, 17, '2025-06-28 15:53:33'),
	(794, 11, 0, 22.99, 17, '2025-06-28 15:53:37'),
	(795, 11, 0, 22.73, 17, '2025-06-28 15:53:42'),
	(796, 11, 0, 22.74, 17, '2025-06-28 15:53:46'),
	(797, 11, 0, 22.72, 17, '2025-06-28 15:53:50'),
	(798, 11, 0, 22.72, 17, '2025-06-28 15:53:55'),
	(799, 11, 0, 24.36, 17, '2025-06-28 15:53:59'),
	(800, 11, 0, 22.75, 17, '2025-06-28 15:54:03'),
	(801, 11, 9.1, 22.96, 17, '2025-06-28 15:54:08'),
	(802, 11, 0, 22.73, 17, '2025-06-28 15:54:12'),
	(803, 11, 0, 22.73, 17, '2025-06-28 15:54:16'),
	(804, 11, 0, 22.96, 17, '2025-06-28 15:54:20'),
	(805, 11, 0, 22.75, 17, '2025-06-28 15:54:25'),
	(806, 11, 0, 22.73, 17, '2025-06-28 15:54:29'),
	(807, 11, 0, 22.95, 17, '2025-06-28 15:54:33'),
	(808, 11, 0, 22.78, 17, '2025-06-28 15:54:38'),
	(809, 11, 0, 22.96, 17, '2025-06-28 15:54:42'),
	(810, 11, 0, 22.98, 17, '2025-06-28 15:54:46'),
	(811, 11, 0, 23.13, 17, '2025-06-28 15:54:50'),
	(812, 11, 0, 22.73, 17, '2025-06-28 15:54:55'),
	(813, 11, 0, 25.85, 17, '2025-06-28 15:54:59'),
	(814, 11, 0, 23.59, 17, '2025-06-28 15:55:04'),
	(815, 11, 0, 23.02, 17, '2025-06-28 15:55:08'),
	(816, 11, 0, 22.75, 17, '2025-06-28 15:55:12'),
	(817, 11, 0, 22.75, 17, '2025-06-28 15:55:16'),
	(818, 11, 0, 22.72, 17, '2025-06-28 15:55:21'),
	(819, 11, 0, 22.72, 17, '2025-06-28 15:55:25'),
	(820, 11, 0, 23.13, 17, '2025-06-28 15:55:29'),
	(821, 11, 0, 22.72, 17, '2025-06-28 15:55:33'),
	(822, 11, 0, 22.95, 17, '2025-06-28 15:55:38'),
	(823, 11, 0, 22.95, 17, '2025-06-28 15:55:42'),
	(824, 11, 0, 23.01, 17, '2025-06-28 15:55:46'),
	(825, 11, 0, 23.18, 17, '2025-06-28 15:55:51'),
	(826, 11, 0, 22.73, 17, '2025-06-28 15:55:55'),
	(827, 11, 8.3, 22.74, 17, '2025-06-28 15:55:59'),
	(828, 11, 0, 25.87, 17, '2025-06-28 15:56:04'),
	(829, 11, 0, 25.14, 17, '2025-06-28 15:56:08'),
	(830, 11, 0, 23.65, 17, '2025-06-28 15:56:12'),
	(831, 11, 0, 22.73, 17, '2025-06-28 15:56:16'),
	(832, 11, 0, 22.73, 17, '2025-06-28 15:56:21'),
	(833, 11, 0, 22.73, 17, '2025-06-28 15:56:25'),
	(834, 11, 0, 22.73, 17, '2025-06-28 15:56:29'),
	(835, 11, 0, 22.95, 17, '2025-06-28 15:56:34'),
	(836, 11, 0, 22.73, 17, '2025-06-28 15:56:38'),
	(837, 11, 0, 22.73, 17, '2025-06-28 15:56:42'),
	(838, 11, 0, 22.75, 17, '2025-06-28 15:56:46'),
	(839, 11, 0, 22.76, 17, '2025-06-28 15:56:51'),
	(840, 11, 0, 22.73, 17, '2025-06-28 15:56:55'),
	(841, 11, 0, 22.75, 17, '2025-06-28 15:56:59'),
	(842, 11, 0, 24.93, 17, '2025-06-28 15:57:04'),
	(843, 11, 0, 22.95, 17, '2025-06-28 15:57:08'),
	(844, 11, 0, 22.73, 17, '2025-06-28 15:57:13'),
	(845, 11, 0, 22.73, 17, '2025-06-28 15:57:17'),
	(846, 11, 0, 22.73, 17, '2025-06-28 15:57:21'),
	(847, 11, 9.1, 22.74, 17, '2025-06-28 15:57:25'),
	(848, 11, 0, 22.73, 17, '2025-06-28 15:57:30'),
	(849, 11, 0, 22.73, 17, '2025-06-28 15:57:34'),
	(850, 11, 0, 22.73, 17, '2025-06-28 15:57:38'),
	(851, 11, 0, 22.96, 17, '2025-06-28 15:57:42'),
	(852, 11, 0, 22.73, 17, '2025-06-28 15:57:47'),
	(853, 11, 8.3, 23.14, 17, '2025-06-28 15:57:51'),
	(854, 11, 0, 22.99, 17, '2025-06-28 15:57:55'),
	(855, 11, 0, 22.76, 17, '2025-06-28 15:58:00'),
	(856, 11, 0, 25.85, 17, '2025-06-28 15:58:04'),
	(857, 11, 0, 22.85, 17, '2025-06-28 15:58:08'),
	(858, 11, 0, 22.96, 17, '2025-06-28 15:58:13'),
	(859, 11, 0, 22.74, 17, '2025-06-28 15:58:17'),
	(860, 11, 0, 22.77, 17, '2025-06-28 15:58:21'),
	(861, 11, 0, 22.75, 17, '2025-06-28 15:58:25'),
	(862, 11, 0, 22.74, 17, '2025-06-28 15:58:30'),
	(863, 11, 0, 22.96, 17, '2025-06-28 15:58:34'),
	(864, 11, 0, 22.74, 17, '2025-06-28 15:58:38'),
	(865, 11, 0, 22.96, 17, '2025-06-28 15:58:43'),
	(866, 11, 0, 22.74, 17, '2025-06-28 15:58:47'),
	(867, 11, 0, 22.99, 17, '2025-06-28 15:58:51'),
	(868, 11, 0, 23.05, 17, '2025-06-28 15:58:55'),
	(869, 11, 0, 22.74, 17, '2025-06-28 15:59:00'),
	(870, 11, 0, 22.74, 17, '2025-06-28 15:59:04'),
	(871, 11, 0, 25.12, 17, '2025-06-28 15:59:09'),
	(872, 11, 0, 22.74, 17, '2025-06-28 15:59:13'),
	(873, 11, 0, 22.76, 17, '2025-06-28 15:59:17'),
	(874, 11, 0, 22.73, 17, '2025-06-28 15:59:21'),
	(875, 11, 0, 22.97, 17, '2025-06-28 15:59:26'),
	(876, 11, 0, 22.76, 17, '2025-06-28 15:59:30'),
	(877, 11, 0, 22.74, 17, '2025-06-28 15:59:34'),
	(878, 11, 0, 23.15, 17, '2025-06-28 15:59:38'),
	(879, 11, 0, 22.79, 17, '2025-06-28 15:59:43'),
	(880, 11, 0, 22.76, 17, '2025-06-28 15:59:47'),
	(881, 11, 0, 22.77, 17, '2025-06-28 15:59:51'),
	(882, 11, 0, 22.75, 17, '2025-06-28 15:59:56'),
	(883, 11, 9.1, 22.74, 17, '2025-06-28 16:00:00'),
	(884, 11, 0, 23.02, 17, '2025-06-28 16:00:04'),
	(885, 11, 0, 24.37, 17, '2025-06-28 16:00:09'),
	(886, 11, 0, 22.74, 17, '2025-06-28 16:00:13'),
	(887, 11, 0, 23.17, 17, '2025-06-28 16:00:17'),
	(888, 11, 0, 22.75, 17, '2025-06-28 16:00:22'),
	(889, 11, 0, 22.74, 17, '2025-06-28 16:00:26'),
	(890, 11, 0, 22.74, 17, '2025-06-28 16:00:30'),
	(891, 11, 0, 22.74, 17, '2025-06-28 16:00:34'),
	(892, 11, 0, 22.73, 17, '2025-06-28 16:00:39'),
	(893, 11, 0, 22.74, 17, '2025-06-28 16:00:43'),
	(894, 11, 0, 22.74, 17, '2025-06-28 16:00:47'),
	(895, 11, 0, 22.74, 17, '2025-06-28 16:00:52'),
	(896, 11, 0, 22.74, 17, '2025-06-28 16:00:56'),
	(897, 11, 0, 23.18, 17, '2025-06-28 16:01:00'),
	(898, 11, 9.1, 23.19, 17, '2025-06-28 16:01:04'),
	(899, 11, 9.1, 23.75, 17, '2025-06-28 16:01:09'),
	(900, 11, 0, 22.79, 17, '2025-06-28 16:01:13'),
	(901, 11, 0, 22.74, 17, '2025-06-28 16:01:18'),
	(902, 11, 0, 22.74, 17, '2025-06-28 16:01:22'),
	(903, 11, 0, 22.75, 17, '2025-06-28 16:01:26'),
	(904, 11, 0, 22.74, 17, '2025-06-28 16:01:30'),
	(905, 11, 0, 22.73, 17, '2025-06-28 16:01:35'),
	(906, 11, 0, 22.96, 17, '2025-06-28 16:01:39'),
	(907, 11, 0, 22.74, 17, '2025-06-28 16:01:43'),
	(908, 11, 0, 22.98, 17, '2025-06-28 16:01:47'),
	(909, 11, 0, 22.96, 17, '2025-06-28 16:01:52'),
	(910, 11, 0, 22.76, 17, '2025-06-28 16:01:56'),
	(911, 11, 0, 22.74, 17, '2025-06-28 16:02:00'),
	(912, 11, 8.3, 22.74, 17, '2025-06-28 16:02:05'),
	(913, 11, 0, 24.32, 17, '2025-06-28 16:02:09'),
	(914, 11, 0, 22.74, 17, '2025-06-28 16:02:13'),
	(915, 11, 0, 22.74, 17, '2025-06-28 16:02:18'),
	(916, 11, 0, 22.76, 17, '2025-06-28 16:02:22'),
	(917, 11, 0, 22.74, 17, '2025-06-28 16:02:26'),
	(918, 11, 0, 22.74, 17, '2025-06-28 16:02:30'),
	(919, 11, 0, 22.97, 17, '2025-06-28 16:02:35'),
	(920, 11, 8.3, 22.74, 17, '2025-06-28 16:02:39'),
	(921, 11, 0, 22.74, 17, '2025-06-28 16:02:43'),
	(922, 11, 0, 22.74, 17, '2025-06-28 16:02:48'),
	(923, 11, 0, 22.74, 17, '2025-06-28 16:02:52'),
	(924, 11, 0, 22.74, 17, '2025-06-28 16:02:56'),
	(925, 11, 0, 22.75, 17, '2025-06-28 16:03:00'),
	(926, 11, 0, 22.74, 17, '2025-06-28 16:03:05'),
	(927, 11, 0, 22.74, 17, '2025-06-28 16:03:09'),
	(928, 11, 0, 25.86, 17, '2025-06-28 16:03:14'),
	(929, 11, 0, 25.11, 17, '2025-06-28 16:03:18'),
	(930, 11, 0, 24.39, 17, '2025-06-28 16:03:22'),
	(931, 11, 0, 22.93, 17, '2025-06-28 16:03:26'),
	(932, 11, 0, 22.77, 17, '2025-06-28 16:03:31'),
	(933, 11, 0, 22.74, 17, '2025-06-28 16:03:35'),
	(934, 11, 0, 23.15, 17, '2025-06-28 16:03:39'),
	(935, 11, 0, 22.74, 17, '2025-06-28 16:03:43'),
	(936, 11, 0, 22.74, 17, '2025-06-28 16:03:48'),
	(937, 11, 0, 22.74, 17, '2025-06-28 16:03:52'),
	(938, 11, 0, 22.74, 17, '2025-06-28 16:03:56'),
	(939, 11, 0, 22.74, 17, '2025-06-28 16:04:01'),
	(940, 11, 0, 22.74, 17, '2025-06-28 16:04:05'),
	(941, 11, 0, 22.75, 17, '2025-06-28 16:04:09'),
	(942, 11, 8.3, 25.88, 17, '2025-06-28 16:04:14'),
	(943, 11, 9.1, 25.11, 17, '2025-06-28 16:04:18'),
	(944, 11, 0, 24.37, 17, '2025-06-28 16:04:22'),
	(945, 11, 0, 22.9, 17, '2025-06-28 16:04:26'),
	(946, 11, 0, 22.99, 17, '2025-06-28 16:04:31'),
	(947, 11, 0, 22.99, 17, '2025-06-28 16:04:35'),
	(948, 11, 0, 23.18, 17, '2025-06-28 16:04:39'),
	(949, 11, 0, 22.77, 17, '2025-06-28 16:04:44'),
	(950, 11, 0, 22.76, 17, '2025-06-28 16:04:48'),
	(951, 11, 0, 23.12, 17, '2025-06-28 16:04:53'),
	(952, 11, 0, 22.74, 17, '2025-06-28 16:04:57'),
	(953, 11, 0, 22.74, 17, '2025-06-28 16:05:02'),
	(954, 11, 0, 22.74, 17, '2025-06-28 16:05:06'),
	(955, 11, 0, 22.74, 17, '2025-06-28 16:05:10'),
	(956, 11, 0, 25.86, 17, '2025-06-28 16:05:15'),
	(957, 11, 0, 23.62, 17, '2025-06-28 16:05:19'),
	(958, 11, 0, 22.97, 17, '2025-06-28 16:05:23'),
	(959, 11, 8.3, 22.74, 17, '2025-06-28 16:05:27'),
	(960, 11, 0, 22.76, 17, '2025-06-28 16:05:32'),
	(961, 11, 0, 22.92, 17, '2025-06-28 16:05:36'),
	(962, 11, 0, 22.94, 17, '2025-06-28 16:05:40'),
	(963, 11, 0, 22.91, 17, '2025-06-28 16:05:45'),
	(964, 11, 0, 22.96, 17, '2025-06-28 16:05:49'),
	(965, 11, 0, 22.96, 17, '2025-06-28 16:05:53'),
	(966, 11, 0, 22.99, 17, '2025-06-28 16:05:57'),
	(967, 11, 0, 22.74, 17, '2025-06-28 16:06:02'),
	(968, 11, 8.3, 22.79, 17, '2025-06-28 16:06:06'),
	(969, 11, 9.1, 22.74, 17, '2025-06-28 16:06:10'),
	(970, 11, 0, 25.89, 17, '2025-06-28 16:06:15'),
	(971, 11, 0, 23.65, 17, '2025-06-28 16:06:19'),
	(972, 11, 0, 22.75, 17, '2025-06-28 16:06:23'),
	(973, 11, 0, 22.74, 17, '2025-06-28 16:06:28'),
	(974, 11, 0, 22.74, 17, '2025-06-28 16:06:32'),
	(975, 11, 0, 22.77, 17, '2025-06-28 16:06:36'),
	(976, 11, 0, 22.75, 17, '2025-06-28 16:06:40'),
	(977, 11, 0, 22.74, 17, '2025-06-28 16:06:45'),
	(978, 11, 9.1, 23, 17, '2025-06-28 16:06:49'),
	(979, 11, 0, 22.98, 17, '2025-06-28 16:06:53'),
	(980, 11, 0, 22.96, 17, '2025-06-28 16:06:58'),
	(981, 11, 0, 22.75, 17, '2025-06-28 16:07:03'),
	(982, 11, 0, 22.76, 17, '2025-06-28 16:07:07'),
	(983, 11, 0, 22.74, 17, '2025-06-28 16:07:11'),
	(984, 11, 0, 25.9, 17, '2025-06-28 16:07:16'),
	(985, 11, 0, 25.13, 17, '2025-06-28 16:07:20'),
	(986, 11, 0, 23.71, 17, '2025-06-28 16:07:24'),
	(987, 11, 0, 22.77, 17, '2025-06-28 16:07:29'),
	(988, 11, 0, 23.15, 17, '2025-06-28 16:07:33'),
	(989, 11, 0, 22.75, 17, '2025-06-28 16:07:37'),
	(990, 11, 0, 22.75, 17, '2025-06-28 16:07:41'),
	(991, 11, 0, 22.75, 17, '2025-06-28 16:07:46'),
	(992, 11, 0, 22.77, 17, '2025-06-28 16:07:50'),
	(993, 11, 0, 22.99, 17, '2025-06-28 16:07:54'),
	(994, 11, 0, 22.97, 17, '2025-06-28 16:07:58'),
	(995, 11, 0, 23, 17, '2025-06-28 16:08:03'),
	(996, 11, 0, 22.78, 17, '2025-06-28 16:08:07'),
	(997, 11, 0, 22.76, 17, '2025-06-28 16:08:11'),
	(998, 11, 0, 22.75, 17, '2025-06-28 16:08:16'),
	(999, 11, 0, 24.38, 17, '2025-06-28 16:08:21'),
	(1000, 11, 0, 23.66, 17, '2025-06-28 16:08:25'),
	(1001, 11, 0, 22.75, 17, '2025-06-28 16:08:30'),
	(1002, 11, 9.1, 23, 17, '2025-06-28 16:08:34'),
	(1003, 11, 0, 22.75, 17, '2025-06-28 16:08:38'),
	(1004, 11, 0, 23, 17, '2025-06-28 16:08:42'),
	(1005, 11, 0, 22.75, 17, '2025-06-28 16:08:47'),
	(1006, 11, 0, 22.77, 17, '2025-06-28 16:08:51'),
	(1007, 11, 0, 22.75, 17, '2025-06-28 16:08:55'),
	(1008, 11, 0, 22.77, 17, '2025-06-28 16:08:59'),
	(1009, 11, 0, 22.75, 17, '2025-06-28 16:09:04'),
	(1010, 11, 0, 22.75, 17, '2025-06-28 16:09:08'),
	(1011, 11, 0, 22.78, 17, '2025-06-28 16:09:12'),
	(1012, 11, 9.1, 22.77, 17, '2025-06-28 16:09:17'),
	(1013, 11, 0, 25.51, 17, '2025-06-28 16:09:21'),
	(1014, 11, 0, 22.76, 17, '2025-06-28 16:09:25'),
	(1015, 11, 0, 23, 17, '2025-06-28 16:09:30'),
	(1016, 11, 8.3, 23.01, 17, '2025-06-28 16:09:34'),
	(1017, 11, 0, 22.78, 17, '2025-06-28 16:09:38'),
	(1018, 11, 0, 22.75, 17, '2025-06-28 16:09:43'),
	(1019, 11, 0, 22.99, 17, '2025-06-28 16:09:47'),
	(1020, 11, 0, 22.75, 17, '2025-06-28 16:09:51'),
	(1021, 11, 0, 22.75, 17, '2025-06-28 16:09:55'),
	(1022, 11, 0, 22.77, 17, '2025-06-28 16:10:00'),
	(1023, 11, 0, 22.75, 17, '2025-06-28 16:10:04'),
	(1024, 11, 0, 22.75, 17, '2025-06-28 16:10:08'),
	(1025, 11, 0, 22.75, 17, '2025-06-28 16:10:13'),
	(1026, 11, 0, 22.75, 17, '2025-06-28 16:10:17'),
	(1027, 11, 0, 25.9, 17, '2025-06-28 16:10:21'),
	(1028, 11, 0, 24.43, 17, '2025-06-28 16:10:26'),
	(1029, 11, 0, 23.67, 17, '2025-06-28 16:10:30'),
	(1030, 11, 0, 22.75, 17, '2025-06-28 16:10:34'),
	(1031, 11, 0, 23.04, 17, '2025-06-28 16:10:39'),
	(1032, 11, 18.2, 22.97, 17, '2025-06-28 16:10:40'),
	(1033, 11, 36.4, 23.26, 17, '2025-06-28 16:10:43'),
	(1034, 11, 0, 23.03, 17, '2025-06-28 16:10:47'),
	(1035, 11, 0, 22.75, 17, '2025-06-28 16:10:51'),
	(1036, 11, 0, 22.8, 17, '2025-06-28 16:10:56'),
	(1037, 11, 0, 22.75, 17, '2025-06-28 16:11:00'),
	(1038, 11, 0, 22.75, 17, '2025-06-28 16:11:05'),
	(1039, 11, 0, 23.16, 17, '2025-06-28 16:11:09'),
	(1040, 11, 0, 22.75, 17, '2025-06-28 16:11:13'),
	(1041, 11, 0, 22.74, 17, '2025-06-28 16:11:18'),
	(1042, 11, 0, 25.9, 17, '2025-06-28 16:11:22'),
	(1043, 11, 0, 24.4, 17, '2025-06-28 16:11:26'),
	(1044, 11, 0, 22.75, 17, '2025-06-28 16:11:31'),
	(1045, 11, 8.3, 22.75, 17, '2025-06-28 16:11:35'),
	(1046, 11, 0, 22.75, 17, '2025-06-28 16:11:39'),
	(1047, 11, 0, 23.01, 17, '2025-06-28 16:11:44'),
	(1048, 11, 0, 22.75, 17, '2025-06-28 16:11:48'),
	(1049, 11, 0, 22.75, 17, '2025-06-28 16:11:52'),
	(1050, 11, 0, 22.75, 17, '2025-06-28 16:11:56'),
	(1051, 11, 0, 22.77, 17, '2025-06-28 16:12:01'),
	(1052, 11, 0, 22.95, 17, '2025-06-28 16:12:06'),
	(1053, 11, 9.1, 22.79, 17, '2025-06-28 16:12:10'),
	(1054, 11, 0, 22.75, 17, '2025-06-28 16:12:14'),
	(1055, 11, 0, 22.75, 17, '2025-06-28 16:12:19'),
	(1056, 11, 0, 25.87, 17, '2025-06-28 16:12:23'),
	(1057, 11, 0, 24.39, 17, '2025-06-28 16:12:27'),
	(1058, 11, 0, 22.92, 17, '2025-06-28 16:12:32'),
	(1059, 11, 0, 23.03, 17, '2025-06-28 16:12:36'),
	(1060, 11, 0, 22.79, 17, '2025-06-28 16:12:40'),
	(1061, 11, 0, 22.98, 17, '2025-06-28 16:12:45');

/*!40103 SET TIME_ZONE=IFNULL(@OLD_TIME_ZONE, 'system') */;
/*!40101 SET SQL_MODE=IFNULL(@OLD_SQL_MODE, '') */;
/*!40014 SET FOREIGN_KEY_CHECKS=IFNULL(@OLD_FOREIGN_KEY_CHECKS, 1) */;
/*!40101 SET CHARACTER_SET_CLIENT=@OLD_CHARACTER_SET_CLIENT */;
/*!40111 SET SQL_NOTES=IFNULL(@OLD_SQL_NOTES, 1) */;
